City_ID,City,Lat,Lng,Max Temp,Humidity,Cloudiness,Windspeed,Country,Date
0,fortuna foothills,32.6578,-114.4119,302.98,13,0,8.75,US,1651685264
1,atuona,-9.8,-139.0333,299.11,73,90,7.42,PF,1651685265
2,kodiak,57.79,-152.4072,278.88,87,100,2.06,US,1651685265
3,butaritari,3.0707,172.7902,299.95,80,29,5.21,KI,1651685266
4,east london,-33.0153,27.9116,292.67,94,40,0.51,ZA,1651685267
5,punta arenas,-53.15,-70.9167,280.21,81,75,6.69,CL,1651685267
6,kulhudhuffushi,6.6221,73.07,303.19,68,100,6.59,MV,1651685268
7,shellbrook,53.2168,-106.4011,276.72,75,100,3.67,CA,1651685268
8,cape town,-33.9258,18.4232,291.55,86,0,4.12,ZA,1651685226
9,bluff,-46.6,168.3333,281.37,81,1,3.72,NZ,1651685270
10,mataura,-46.1927,168.8643,281.19,90,2,1.31,NZ,1651685270
11,husavik,66.0449,-17.3389,274.33,87,92,1.91,IS,1651685271
12,rikitea,-23.1203,-134.9692,298.39,82,68,9.05,PF,1651685271
13,taoudenni,22.6783,-3.9836,312.12,8,28,7.12,ML,1651685272
14,cornereva,45.0667,22.4167,285.31,87,99,1.71,RO,1651685272
15,nouadhibou,20.931,-17.0347,296.14,60,11,9.26,MR,1651685272
16,andenes,69.3143,16.1194,274.14,80,40,3.09,NO,1651685273
17,castro,-24.7911,-50.0119,286.51,77,68,5.49,BR,1651685273
18,bambous virieux,-20.3428,57.7575,299.29,78,40,7.2,MU,1651685274
19,iqaluit,63.7506,-68.5145,262.0,72,20,9.77,CA,1651685275
20,ushuaia,-54.8,-68.3,279.94,65,40,6.17,AR,1651685275
21,atar,20.5169,-13.0499,310.61,12,5,4.09,MR,1651685276
22,khatanga,71.9667,102.5,258.96,100,99,1.16,RU,1651685276
23,dikson,73.5069,80.5464,263.46,81,95,9.1,RU,1651685277
24,georgetown,5.4112,100.3354,301.12,89,20,1.54,MY,1651685277
25,farafangana,-22.8167,47.8333,295.47,74,1,1.94,MG,1651685278
26,alice springs,-23.7,133.8833,289.9,55,94,5.66,AU,1651685278
27,mount gambier,-37.8333,140.7667,279.1,93,75,1.54,AU,1651685278
28,gornozavodsk,58.3758,58.3211,277.06,93,98,4.59,RU,1651685279
29,tura,25.5198,90.2201,294.22,88,18,1.48,IN,1651685279
30,cartagena,10.3997,-75.5144,304.94,70,40,5.14,CO,1651685223
31,hermanus,-34.4187,19.2345,291.37,82,20,2.35,ZA,1651685281
32,tiksi,71.6872,128.8694,257.33,97,19,1.82,RU,1651685281
33,nara,34.6851,135.8049,287.98,62,95,0.59,JP,1651685282
34,busselton,-33.65,115.3333,284.1,67,0,5.79,AU,1651685116
35,clinton,42.587,-82.9199,288.83,80,75,7.2,US,1651685283
36,dingle,10.9995,122.6711,298.47,81,76,3.15,PH,1651685283
37,lagoa,39.05,-27.9833,290.3,83,100,4.74,PT,1651685284
38,nikolskoye,59.7035,30.7861,279.09,58,62,3.39,RU,1651685284
39,fasa,28.9383,53.6482,291.73,22,1,3.09,IR,1651685285
40,ukiah,39.1502,-123.2078,299.24,41,0,2.06,US,1651685285
41,portland,45.5234,-122.6762,288.68,70,75,2.06,US,1651685220
42,airai,-8.9266,125.4092,288.3,91,78,1.3,TL,1651685287
43,upernavik,72.7868,-56.1549,262.25,88,86,3.66,GL,1651685287
44,mogadishu,2.0371,45.3438,300.94,78,69,6.66,SO,1651685288
45,barrow,71.2906,-156.7887,264.16,86,100,5.66,US,1651685288
46,sabzevar,36.2126,57.6819,287.75,88,40,5.14,IR,1651685289
47,sao filipe,14.8961,-24.4956,296.13,77,3,4.33,CV,1651685289
48,vaini,-21.2,-175.2,295.24,94,20,2.57,TO,1651685290
49,goundam,16.4145,-3.6708,313.61,8,81,2.52,ML,1651685290
50,policoro,40.2115,16.6726,291.94,67,43,2.64,IT,1651685291
51,madang,-5.2246,145.7966,297.81,93,98,2.53,PG,1651685292
52,katsuura,35.1333,140.3,290.47,78,86,6.68,JP,1651685292
53,cabo san lucas,22.8909,-109.9124,301.27,50,0,5.14,MX,1651685292
54,daru,-9.0763,143.2092,300.15,76,100,3.98,PG,1651685293
55,ilula,-7.6766,36.0366,287.91,96,79,2.29,TZ,1651685293
56,makakilo city,21.3469,-158.0858,295.93,78,0,3.09,US,1651685294
57,terrace,54.5163,-128.6035,278.1,93,100,4.12,CA,1651685295
58,new norfolk,-42.7826,147.0587,279.1,79,57,0.45,AU,1651685295
59,narsaq,60.9167,-46.05,279.27,51,11,1.99,GL,1651685295
60,galmaarden,50.7517,3.9933,290.25,67,98,0.89,BE,1651685296
61,lebu,-37.6167,-73.65,288.13,76,100,7.06,CL,1651685297
62,omsukchan,62.5333,155.8,261.03,99,74,1.76,RU,1651685298
63,cidreira,-30.1811,-50.2056,292.72,87,99,8.66,BR,1651685298
64,jamestown,42.097,-79.2353,285.11,94,100,4.63,US,1651685299
65,rustenburg,-25.6676,27.2421,291.77,37,5,0.05,ZA,1651685300
66,bosaso,11.2842,49.1816,302.64,72,63,1.14,SO,1651685300
67,paris,48.8534,2.3488,291.07,53,0,4.12,FR,1651685101
68,noumea,-22.2763,166.4572,298.15,99,6,3.78,NC,1651685301
69,la ronge,55.1001,-105.2842,274.29,75,100,3.6,CA,1651685301
70,zhytomyr,50.2649,28.6767,281.36,55,38,4.41,UA,1651685302
71,baykit,61.67,96.37,269.47,96,70,0.87,RU,1651685302
72,itupiranga,-5.1347,-49.3267,304.33,80,99,1.25,BR,1651685302
73,leningradskiy,69.3833,178.4167,257.96,93,56,2.84,RU,1651685303
74,karasburg,-28.0167,18.75,296.53,21,0,5.0,NA,1651685303
75,yellowknife,62.456,-114.3525,276.44,87,100,8.75,CA,1651685304
76,bulgan,48.8125,103.5347,274.39,79,68,7.88,MN,1651685305
77,broome,42.2506,-75.833,289.2,90,100,3.09,US,1651685306
78,pilar,-9.5972,-35.9567,303.11,60,65,4.24,BR,1651685306
79,wanning,18.8003,110.3967,295.8,89,63,3.12,CN,1651685307
80,puerto ayora,-0.7393,-90.3518,300.13,76,35,3.46,EC,1651685308
81,gubkinskiy,64.434,76.5026,277.5,84,100,11.66,RU,1651685308
82,berlevag,70.8578,29.0864,269.04,61,100,7.91,NO,1651685309
83,urusha,54.05,122.9,268.14,96,8,1.37,RU,1651685309
84,fairlie,55.756,-4.8556,287.16,81,93,1.34,GB,1651685310
85,nador,35.174,-2.9287,290.29,72,40,5.14,MA,1651685310
86,karasjok,69.4719,25.5112,270.65,89,100,0.83,NO,1651685311
87,longyearbyen,78.2186,15.6401,266.06,58,20,3.6,SJ,1651685179
88,hilo,19.7297,-155.09,298.31,96,100,1.54,US,1651685311
89,bonfim,3.0833,-59.95,303.33,57,100,4.7,BR,1651685312
90,mar del plata,-38.0023,-57.5575,292.16,60,0,10.29,AR,1651685057
91,nikko,36.75,139.6167,284.98,58,0,2.68,JP,1651685314
92,hambantota,6.1241,81.1185,300.49,81,90,6.52,LK,1651685314
93,hobart,-42.8794,147.3294,279.29,89,79,4.12,AU,1651685315
94,albany,42.6001,-73.9662,285.03,93,100,2.36,US,1651685315
95,oromocto,45.8351,-66.4792,284.23,74,100,3.6,CA,1651685316
96,cayenne,4.9333,-52.3333,301.17,83,75,6.69,GF,1651685317
97,paamiut,61.994,-49.6678,272.29,62,6,6.26,GL,1651685318
98,puerto escondido,15.85,-97.0667,303.61,70,75,3.09,MX,1651685319
99,kruisfontein,-34.0033,24.7314,290.31,94,60,1.08,ZA,1651685319
100,kapaa,22.0752,-159.319,296.33,88,75,8.75,US,1651685320
101,vao,-22.6667,167.4833,296.82,81,5,6.06,NC,1651685320
102,bouna,9.2667,-3.0,309.31,30,47,3.09,CI,1651685320
103,chuy,-33.6971,-53.4616,292.27,67,49,3.61,UY,1651685322
104,ponta do sol,32.6667,-17.1,293.55,65,74,1.27,PT,1651685322
105,tilichiki,60.4667,166.1,268.46,90,91,2.12,RU,1651685323
106,sitka,57.0531,-135.33,280.09,70,75,7.2,US,1651685323
107,arraial do cabo,-22.9661,-42.0278,307.13,58,0,5.66,BR,1651685038
108,jiazi,22.8779,116.067,294.88,83,99,6.14,CN,1651685324
109,port alfred,-33.5906,26.891,291.03,91,2,1.83,ZA,1651685324
110,pula,44.8683,13.8481,291.46,52,0,2.06,HR,1651685067
111,sorong,-0.8833,131.25,300.41,83,100,3.13,ID,1651685325
112,geraldton,-28.7667,114.6,291.38,48,53,11.32,AU,1651685325
113,komsomolskiy,40.4272,71.7189,294.55,52,40,4.12,UZ,1651685326
114,sabha,27.0377,14.4283,304.53,12,1,5.75,LY,1651685327
115,uvat,59.1433,68.8953,283.08,48,10,4.63,RU,1651685327
116,port lincoln,-34.7333,135.8667,286.83,50,84,7.73,AU,1651685328
117,gemena,3.25,19.7667,297.88,81,71,1.07,CD,1651685328
118,srednekolymsk,67.45,153.6833,271.05,97,100,0.92,RU,1651685329
119,bredasdorp,-34.5322,20.0403,289.27,93,45,2.7,ZA,1651685329
120,avarua,-21.2078,-159.775,298.18,88,20,2.06,CK,1651685330
121,canon city,38.441,-105.2424,287.94,56,100,4.63,US,1651685330
122,kupang,-10.1667,123.5833,299.12,82,60,3.32,ID,1651685331
123,udachnyy,66.4167,112.4,264.01,88,100,1.4,RU,1651685331
124,bakhmach,51.1808,32.7569,280.51,60,4,5.12,UA,1651685332
125,gillette,44.2911,-105.5022,279.85,92,100,0.0,US,1651685333
126,naze,28.3667,129.4833,294.66,78,100,6.47,JP,1651685333
127,alofi,-19.0595,-169.9187,297.09,78,8,3.6,NU,1651685333
128,tuatapere,-46.1333,167.6833,283.26,83,13,2.4,NZ,1651685334
129,souillac,-20.5167,57.5167,299.36,78,40,7.2,MU,1651685334
130,muros,42.7762,-9.0603,295.2,57,11,6.56,ES,1651685335
131,corrales,35.2378,-106.6067,291.71,20,0,5.36,US,1651685335
132,batagay,67.6333,134.6333,263.82,95,93,0.87,RU,1651685335
133,mangrol,21.1167,70.1167,300.84,87,0,3.67,IN,1651685336
134,cananeia,-25.0147,-47.9267,298.81,39,14,3.69,BR,1651685336
135,lazaro cardenas,17.9583,-102.2,302.06,56,100,3.29,MX,1651685337
136,teguise,29.0605,-13.564,293.27,49,20,8.75,ES,1651685060
137,gazanjyk,39.2446,55.5154,295.8,50,74,2.58,TM,1651685338
138,torbay,47.6666,-52.7314,282.53,81,100,4.63,CA,1651685338
139,madera,37.1666,-119.8343,300.59,31,3,1.84,US,1651685339
140,toamasina,-18.1667,49.3833,295.15,88,40,3.6,MG,1651685339
141,moron,-34.6534,-58.6198,293.04,49,2,1.95,AR,1651685204
142,jabinyanah,35.035,10.9081,296.04,62,0,8.95,TN,1651685340
143,santa cruz,-17.8,-63.1667,297.18,41,6,7.2,BO,1651685169
144,duldurga,50.6761,113.5931,280.09,27,98,3.48,RU,1651685341
145,mao,39.8885,4.2658,290.46,82,75,11.32,ES,1651685342
146,misratah,32.3754,15.0925,294.63,60,1,8.7,LY,1651685342
147,gold coast,-28.0,153.4333,293.15,95,40,2.06,AU,1651685342
148,san patricio,28.017,-97.5169,304.07,57,36,9.89,US,1651685343
149,zhigansk,66.7697,123.3711,262.99,94,94,4.3,RU,1651685344
150,saint-philippe,-21.3585,55.7679,296.92,87,56,6.76,RE,1651685344
151,sola,-13.8833,167.55,300.4,76,100,2.7,VU,1651685345
152,itarema,-2.9248,-39.9167,302.08,74,96,5.36,BR,1651685345
153,saint george,37.1041,-113.5841,292.83,28,0,3.09,US,1651685346
154,ahipara,-35.1667,173.1667,288.03,91,23,3.06,NZ,1651685346
155,menongue,-14.6585,17.691,291.14,55,12,1.98,AO,1651685348
156,tasiilaq,65.6145,-37.6368,271.24,69,100,4.37,GL,1651685348
157,rio gallegos,-51.6226,-69.2181,285.18,47,40,8.23,AR,1651685349
158,urucui,-7.2294,-44.5561,306.37,43,100,2.19,BR,1651685349
159,copiapo,-27.3667,-70.3333,290.98,35,2,3.28,CL,1651685350
160,pevek,69.7008,170.3133,260.12,89,99,2.07,RU,1651685350
161,faanui,-16.4833,-151.75,300.47,77,99,4.98,PF,1651685351
162,kashary,49.04,41.0056,285.98,48,68,2.1,RU,1651685351
163,berea,41.3662,-81.8543,285.9,96,100,4.12,US,1651685351
164,luau,-10.7073,22.2247,295.87,61,89,1.18,AO,1651685352
165,nome,64.5011,-165.4064,271.19,80,100,0.0,US,1651685352
166,almenara,-16.1836,-40.6944,306.99,29,0,1.91,BR,1651685353
167,te anau,-45.4167,167.7167,282.29,91,32,0.62,NZ,1651685353
168,qaanaaq,77.484,-69.3632,268.19,73,42,0.43,GL,1651685354
169,henties bay,-22.116,14.2845,295.43,52,0,3.23,NA,1651685354
170,bela vista,-22.1089,-56.5211,295.18,45,3,4.29,BR,1651685355
171,thompson,55.7435,-97.8558,270.24,74,100,3.6,CA,1651685355
172,tari,12.4086,4.4914,314.0,13,32,1.29,NG,1651685356
173,bomet,-0.7813,35.3416,287.93,98,100,2.2,KE,1651685356
174,comodoro rivadavia,-45.8667,-67.5,291.07,39,0,10.8,AR,1651685140
175,qaqortoq,60.7167,-46.0333,275.04,64,23,3.86,GL,1651685232
176,flinders,-34.5833,150.8552,289.92,91,94,1.79,AU,1651685358
177,methoni,36.8197,21.7049,292.71,76,0,5.47,GR,1651685359
178,deputatskiy,69.3,139.9,261.9,99,92,0.7,RU,1651685359
179,chimbote,-9.0853,-78.5783,294.88,72,61,3.64,PE,1651685360
180,buchanan,5.8808,-10.0467,302.1,73,92,3.08,LR,1651685360
181,port elizabeth,-33.918,25.5701,291.54,94,0,1.03,ZA,1651685136
182,necochea,-38.5473,-58.7368,292.73,43,12,6.9,AR,1651685361
183,artyom,40.4723,50.333,286.23,69,1,0.88,AZ,1651685362
184,caravelas,-17.7125,-39.2481,302.12,62,0,4.92,BR,1651685362
185,codrington,-38.2667,141.9667,281.7,76,64,3.19,AU,1651685363
186,the valley,18.217,-63.0578,303.07,69,40,6.69,AI,1651685363
187,sechura,-5.5569,-80.8222,299.08,55,51,3.64,PE,1651685364
188,port hardy,50.6996,-127.4199,280.25,93,100,0.0,CA,1651685364
189,nantucket,41.2835,-70.0995,285.23,92,100,5.06,US,1651685365
190,tautira,-17.7333,-149.15,300.6,77,80,4.98,PF,1651685365
191,northam,51.0333,-4.2167,287.81,81,53,4.94,GB,1651685366
192,catalina,32.5056,-110.9211,299.33,23,0,1.34,US,1651685367
193,hami,42.8,93.45,300.19,23,77,9.36,CN,1651685367
194,payo,-3.7508,103.6372,296.29,99,100,0.57,ID,1651685368
195,ancud,-41.8697,-73.8203,285.87,98,100,4.18,CL,1651685368
196,mecca,21.4267,39.8261,305.53,30,0,2.49,SA,1651685165
197,egvekinot,66.3167,-179.1667,261.12,88,62,4.45,RU,1651685369
198,chaiyaphum,15.75,102.0,299.29,56,100,2.27,TH,1651685369
199,ribeira grande,38.5167,-28.7,292.37,82,40,3.09,PT,1651685371
200,algiers,36.7525,3.042,291.05,77,75,2.57,DZ,1651685143
201,kloulklubed,7.0419,134.2556,299.43,77,63,8.64,PW,1651685372
202,sakakah,29.9697,40.2064,303.91,15,30,7.48,SA,1651685283
203,acajutla,13.5928,-89.8275,304.11,61,83,2.51,SV,1651685372
204,lasa,46.6166,10.7002,286.68,99,100,1.52,IT,1651685373
205,pangnirtung,66.1451,-65.7125,262.15,85,20,3.09,CA,1651685373
206,shenjiamen,29.9576,122.298,288.32,90,28,3.42,CN,1651685374
207,vuktyl,63.8567,57.3094,272.99,81,84,3.43,RU,1651685375
208,lavrentiya,65.5833,-171.0,266.6,91,95,3.5,RU,1651685377
209,san fernando,15.0286,120.6898,302.0,75,31,1.39,PH,1651685378
210,carnarvon,-24.8667,113.6333,290.19,67,7,3.6,AU,1651685379
211,tuktoyaktuk,69.4541,-133.0374,268.15,100,100,5.66,CA,1651685379
212,ambulu,-8.345,113.6058,298.04,92,100,1.35,ID,1651685380
213,tripoli,32.8752,13.1875,297.67,48,0,9.67,LY,1651685133
214,bonthe,7.5264,-12.505,303.46,66,49,4.9,SL,1651685381
215,riwaka,-41.0833,173.0,286.49,94,64,0.94,NZ,1651685381
216,bubaque,11.2833,-15.8333,299.48,66,13,6.22,GW,1651685382
217,fortuna,40.5982,-124.1573,288.11,81,0,4.12,US,1651685383
218,hithadhoo,-0.6,73.0833,302.69,72,100,8.53,MV,1651685384
219,neuquen,-38.9516,-68.0591,294.09,37,0,2.57,AR,1651685384
220,arinos,-15.9169,-46.1056,308.35,23,1,1.88,BR,1651685385
221,auki,-8.7676,160.7034,297.78,77,3,1.66,SB,1651685385
222,quatre cocos,-20.2078,57.7625,299.21,81,18,8.08,MU,1651685386
223,xining,36.6167,101.7667,286.33,35,9,1.75,CN,1651685386
224,biak,-0.9131,122.8766,298.09,83,100,1.0,ID,1651685387
225,talnakh,69.4865,88.3972,273.82,95,98,6.83,RU,1651685387
226,kolokani,13.5728,-8.0339,312.27,16,89,0.87,ML,1651685388
227,neiafu,-18.65,-173.9833,292.53,100,20,0.0,TO,1651685388
228,suruc,36.9761,38.425,289.46,78,100,3.16,TR,1651685388
229,bouafle,6.9904,-5.7442,304.53,59,57,1.26,CI,1651685389
230,roma,43.2128,-75.4557,285.78,95,100,2.57,US,1651685120
231,romitan,39.9343,64.3814,293.12,73,0,1.03,UZ,1651685391
232,arona,28.0996,-16.681,290.44,61,20,10.8,ES,1651685391
233,black river,18.0264,-77.8487,304.87,53,6,8.67,JM,1651685392
234,arlit,18.7369,7.3853,313.46,6,33,4.61,NE,1651685392
235,severo-kurilsk,50.6789,156.125,274.08,87,99,1.68,RU,1651685290
236,phan thiet,10.9333,108.1,298.48,90,97,3.31,VN,1651685372
237,shizuishan,39.2333,106.7694,295.97,10,34,1.85,CN,1651685394
238,cherskiy,68.75,161.3,272.37,99,100,1.67,RU,1651685394
239,islamabad,33.7104,73.1338,296.95,64,27,3.54,PK,1651685145
240,bandarbeyla,9.4942,50.8122,302.33,78,46,3.85,SO,1651685395
241,sembakung,3.8167,117.25,296.87,99,100,0.47,ID,1651685395
242,khandyga,62.6667,135.6,272.75,91,100,1.61,RU,1651685396
243,ahuimanu,21.4447,-157.8378,296.59,84,75,3.58,US,1651685396
244,hasaki,35.7333,140.8333,285.37,79,100,5.28,JP,1651685397
245,klaksvik,62.2266,-6.589,279.66,77,76,9.98,FO,1651685397
246,pisco,-13.7,-76.2167,295.18,73,59,4.12,PE,1651685397
247,reigate,51.2376,-0.2078,289.14,80,40,3.09,GB,1651685398
248,ostrovnoy,68.0531,39.5131,268.89,84,99,5.92,RU,1651685398
249,ocos,14.5094,-92.1933,303.25,65,96,5.26,GT,1651685399
250,sungaipenuh,-2.0833,101.3833,291.85,93,100,1.21,ID,1651685399
251,welkom,-27.9864,26.7066,291.31,35,47,2.25,ZA,1651685400
252,progreso,21.2833,-89.6667,306.54,57,1,5.75,MX,1651685401
253,moyale,3.5167,39.0584,294.14,75,96,2.11,KE,1651685401
254,merrill,45.1805,-89.6835,287.58,44,0,2.06,US,1651685402
255,marrakesh,31.6315,-8.0083,297.19,31,40,3.6,MA,1651685167
256,bocas del toro,9.3333,-82.25,301.6,76,69,3.65,PA,1651685403
257,college,64.8569,-147.8028,280.32,57,75,0.0,US,1651685407
258,provideniya,64.3833,-173.3,269.21,89,64,4.16,RU,1651685156
259,dryden,49.7833,-92.7503,284.31,40,75,3.09,CA,1651685409
260,kristiinankaupunki,62.2743,21.376,275.72,65,100,4.3,FI,1651685410
261,zhangjiakou,40.81,114.8794,293.43,20,92,1.95,CN,1651685411
262,tokur,53.1333,132.9,272.89,100,100,1.38,RU,1651685412
263,bengkulu,-3.8004,102.2655,297.31,87,93,1.49,ID,1651685412
264,meulaboh,4.1363,96.1285,298.08,88,100,1.63,ID,1651685413
265,mahebourg,-20.4081,57.7,299.31,78,40,7.2,MU,1651685413
266,lucapa,-8.4192,20.7447,296.45,68,97,1.55,AO,1651685414
267,petropavlovsk-kamchatskiy,53.0452,158.6483,269.48,100,0,2.0,RU,1651685195
268,morant bay,17.8815,-76.4093,304.66,70,11,6.06,JM,1651685415
269,goderich,43.7501,-81.7165,281.43,81,89,7.72,CA,1651685415
270,salalah,17.0151,54.0924,302.2,89,20,1.54,OM,1651685309
271,broken hill,-31.95,141.4333,281.99,76,50,3.09,AU,1651685417
272,hongjiang,27.11,109.9956,290.37,66,92,1.18,CN,1651685417
273,gayeri,12.6497,0.4931,312.37,11,92,2.25,BF,1651685418
274,guerrero negro,27.9769,-114.0611,291.85,56,1,5.62,MX,1651685418
275,tame,6.461,-71.73,305.03,46,74,3.98,CO,1651685419
276,vestmannaeyjar,63.4427,-20.2734,277.65,62,86,6.3,IS,1651685419
277,kitgum,3.2783,32.8867,293.37,89,100,1.74,UG,1651685420
278,bartlesville,36.7473,-95.9808,284.88,72,100,3.6,US,1651685420
279,esperance,-33.8667,121.9,286.06,61,99,3.42,AU,1651685421
280,tigil,57.8,158.6667,272.22,85,100,1.56,RU,1651685422
281,chlorakas,34.8042,32.4083,290.64,77,40,6.17,CY,1651685423
282,trujillo,-8.116,-79.03,292.13,82,20,5.14,PE,1651685263
283,kaitangata,-46.2817,169.8464,282.28,87,42,1.83,NZ,1651685424
284,tarko-sale,64.9225,77.785,277.1,87,100,11.49,RU,1651685425
285,allapalli,19.4167,80.0667,306.48,31,24,0.99,IN,1651685426
286,felanitx,39.4696,3.1483,292.57,66,100,9.5,ES,1651685248
287,saskylakh,71.9167,114.0833,267.6,91,100,2.76,RU,1651685427
288,chapais,49.7834,-74.8492,275.03,64,98,5.2,CA,1651685427
289,el alto,-4.2714,-81.2147,299.96,62,39,8.12,PE,1651685428
290,fomboni,-12.28,43.7425,301.21,71,25,2.84,KM,1651685428
291,poyarkovo,49.6,128.6833,280.02,81,100,5.26,RU,1651685429
292,bima,-8.4667,118.7167,297.65,94,83,1.96,ID,1651685430
293,avera,33.194,-82.5271,303.36,39,65,3.44,US,1651685430
294,dakar,14.6937,-17.4441,302.64,83,20,4.12,SN,1651685430
295,kadoma,34.7333,135.5833,289.14,69,91,1.54,JP,1651685431
296,nemuro,43.3236,145.575,275.61,83,32,4.62,JP,1651685432
297,itaituba,-4.2761,-55.9836,304.24,66,40,5.14,BR,1651685409
298,carutapera,-1.195,-46.02,301.27,80,49,2.83,BR,1651685433
299,dodge city,37.7528,-100.0171,282.73,94,100,5.14,US,1651685434
300,aykhal,66.0,111.5,264.01,91,100,1.73,RU,1651685435
301,skibbereen,51.55,-9.2667,288.77,79,87,4.33,IE,1651685435
302,bogatyye saby,56.0102,50.4483,281.03,85,100,3.59,RU,1651685436
303,kovernino,57.1253,43.8142,275.51,71,45,2.79,RU,1651685437
304,sampit,-2.5333,112.95,296.58,98,100,1.1,ID,1651685438
305,priargunsk,50.3691,119.1012,282.27,44,100,2.23,RU,1651685439
306,gambela,8.25,34.5833,298.94,72,91,1.45,ET,1651685439
307,bad aussee,47.61,13.7824,289.58,100,100,0.89,AT,1651685440
308,halifax,44.6453,-63.5724,287.09,75,75,6.17,CA,1651685277
309,gainesville,29.6516,-82.3248,304.3,55,75,3.6,US,1651685441
310,saint-augustin,51.226,-58.6502,279.06,70,100,5.79,CA,1651685441
311,kandete,-9.15,33.8,288.44,97,91,0.66,TZ,1651685442
312,riyadh,24.6877,46.7219,309.23,10,31,0.64,SA,1651685333
313,joshimath,30.5667,79.5667,290.71,69,74,0.35,IN,1651685443
314,orcopampa,-15.2661,-72.3417,289.27,28,16,2.35,PE,1651685443
315,reinosa,42.9996,-4.138,285.4,84,95,3.14,ES,1651685444
316,atbasar,51.8,68.3333,285.35,78,97,4.69,KZ,1651685444
317,ambilobe,-13.2,49.05,296.1,86,83,1.87,MG,1651685445
318,sangar,63.9242,127.4739,272.12,98,100,1.63,RU,1651685446
319,banda aceh,5.5577,95.3222,299.86,78,94,4.16,ID,1651685446
320,aktyubinskiy,54.8137,52.8056,282.39,86,98,4.02,RU,1651685448
321,nouakchott,18.0858,-15.9785,300.11,64,3,6.79,MR,1651685431
322,rio grande,-32.035,-52.0986,295.21,70,4,6.16,BR,1651685448
323,calbuco,-41.768,-73.1273,287.71,91,100,2.83,CL,1651685449
324,pathum thani,14.0833,100.6,302.05,74,20,2.06,TH,1651685449
325,arnold,53.0,-1.1333,287.18,78,85,5.76,GB,1651685365
326,loandjili,-4.7561,11.8578,299.48,90,96,3.62,CG,1651685450
327,orshanka,56.9161,47.8933,278.1,75,97,2.77,RU,1651685451
328,taree,-31.9,152.4667,289.32,100,88,0.0,AU,1651685451
329,kavaratti,10.5669,72.642,303.01,70,80,4.44,IN,1651685452
330,masuguru,-11.3667,38.4167,294.71,77,96,1.48,TZ,1651685452
331,tombouctou,20.0,-3.0,310.06,10,100,4.43,ML,1651685453
332,weligama,5.9667,80.4167,300.2,86,69,5.06,LK,1651685453
333,baikunthpur,23.25,82.55,301.22,32,45,0.55,IN,1651685453
334,banswara,23.55,74.45,305.88,18,0,2.08,IN,1651685454
335,richards bay,-28.783,32.0377,293.68,87,0,3.22,ZA,1651685370
336,junnar,19.2,73.8833,299.26,44,0,3.36,IN,1651685455
337,vestmanna,62.1564,-7.1664,278.66,87,100,6.17,FO,1651685456
338,muravlenko,63.7898,74.523,277.63,81,100,10.37,RU,1651685457
339,vila,42.0304,-8.1588,291.32,44,56,2.82,PT,1651685457
340,cockburn town,21.4612,-71.1419,299.25,77,40,6.83,TC,1651685458
341,tiznit,29.5833,-9.5,289.5,62,0,4.79,MA,1651685458
342,okato,-39.2,173.8833,284.77,90,11,1.67,NZ,1651685459
343,coahuayana,18.7333,-103.6833,305.29,42,56,3.58,MX,1651685459
344,onguday,50.75,86.15,279.79,61,67,0.11,RU,1651685234
345,fairbanks,64.8378,-147.7164,280.88,56,0,0.45,US,1651685460
346,coquimbo,-29.9533,-71.3436,288.0,77,100,2.57,CL,1651685201
347,nicosia,35.1667,33.3667,292.98,52,40,8.75,CY,1651685256
348,mentana,42.0349,12.6424,291.94,67,20,3.09,IT,1651685461
349,pochutla,15.7432,-96.4661,306.38,38,87,3.68,MX,1651685462
350,sinnamary,5.3833,-52.95,296.73,96,100,0.99,GF,1651685462
351,isangel,-19.55,169.2667,297.71,81,0,1.77,VU,1651685362
352,hofn,64.2539,-15.2082,279.16,61,75,4.63,IS,1651685463
353,ibbenburen,52.2667,7.7333,290.81,41,0,3.09,DE,1651685383
354,qandala,11.472,49.8728,304.15,57,6,2.75,SO,1651685464
355,mae sai,20.4335,99.8762,295.29,84,37,0.76,TH,1651685465
356,nyurba,63.2842,118.3319,269.68,97,81,0.36,RU,1651685369
357,doaba,33.4244,70.7364,296.18,47,24,1.12,PK,1651685466
358,siirt,37.9326,41.9403,288.44,84,59,2.45,TR,1651685262
359,cap malheureux,-19.9842,57.6142,298.97,74,4,4.47,MU,1651685467
360,lojt kirkeby,55.0833,9.4667,284.76,77,99,4.02,DK,1651685467
361,lodwar,3.1191,35.5973,304.74,38,27,6.18,KE,1651685468
362,seoul,37.5683,126.9778,286.84,56,0,2.57,KR,1651685444
363,raudeberg,61.9875,5.1352,282.01,78,100,9.26,NO,1651685469
364,bahir dar,11.5936,37.3908,298.86,34,54,2.32,ET,1651685470
365,ridgecrest,35.6225,-117.6709,297.95,16,40,2.06,US,1651685470
366,maltahohe,-24.8333,16.9833,291.86,24,0,3.28,NA,1651685471
367,winneba,5.3511,-0.6231,301.36,78,41,5.1,GH,1651685471
368,popondetta,-8.7537,148.2534,296.13,97,24,1.27,PG,1651685242
369,takhtamygda,54.1,123.5667,268.54,97,27,1.29,RU,1651685472
370,dankaur,28.35,77.55,305.11,28,74,3.53,IN,1651685473
371,sri aman,1.2376,111.4621,298.2,94,100,0.0,MY,1651685474
372,margate,51.3813,1.3862,287.98,85,97,1.34,GB,1651685474
373,accra,5.556,-0.1969,303.38,70,0,3.6,GH,1651685305
374,palu,-0.8917,119.8707,297.7,96,100,1.23,ID,1651685475
375,tacna,-18.0056,-70.2483,293.26,56,0,2.06,PE,1651685475
376,helden,51.115,7.9519,289.73,76,84,2.0,DE,1651685477
377,bethel,41.3712,-73.414,286.2,92,100,1.54,US,1651685477
378,yatou,37.15,122.3833,286.78,74,1,6.52,CN,1651685478
379,butembo,0.15,29.2833,288.07,97,83,1.57,CD,1651685478
380,balad,34.0164,44.1453,302.76,11,0,4.96,IQ,1651685479
381,turukhansk,65.8167,87.9833,272.99,93,100,11.17,RU,1651685480
382,mujiayingzi,42.1167,118.7833,296.34,14,94,9.57,CN,1651685480
383,surt,31.2089,16.5887,293.64,61,1,8.66,LY,1651685481
384,korla,41.7597,86.1469,298.84,16,100,5.31,CN,1651685481
385,melong,5.1218,9.9614,294.51,96,87,0.39,CM,1651685482
386,boende,-0.2167,20.8667,298.37,81,91,0.75,CD,1651685482
387,eureka,40.8021,-124.1637,288.26,88,88,0.89,US,1651685483
388,evensk,61.95,159.2333,272.21,93,100,1.14,RU,1651685483
389,sallanches,45.9442,6.6316,289.68,83,73,1.0,FR,1651685420
390,saint-georges,12.0564,-61.7485,302.97,70,20,10.29,GD,1651685267
391,monrovia,6.3005,-10.7969,302.28,71,52,3.2,LR,1651685255
392,whitehorse,60.7161,-135.0538,279.32,59,75,5.66,CA,1651685485
393,marawi,7.9986,124.2928,293.94,93,88,0.7,PH,1651685485
394,walvis bay,-22.9575,14.5053,301.68,26,0,3.09,NA,1651685485
395,chekhov,55.1431,37.4711,279.09,63,45,3.42,RU,1651685486
396,woodstock,43.1334,-80.7497,287.49,82,91,6.26,CA,1651685486
397,sorland,67.667,12.6934,276.07,71,100,8.64,NO,1651685487
398,urucara,-2.5364,-57.76,300.72,85,76,2.23,BR,1651685487
399,iralaya,15.0,-83.2333,302.11,73,62,5.79,HN,1651685488
400,vredendal,-31.6683,18.5012,294.61,34,34,2.31,ZA,1651685488
401,waling,27.9833,83.7667,294.5,75,81,1.38,NP,1651685489
402,alappuzha,9.49,76.3264,301.44,80,73,4.52,IN,1651685490
403,kaz,52.9113,87.3105,276.29,44,66,3.99,RU,1651685490
404,bontang,0.1333,117.5,298.37,92,100,2.47,ID,1651685491
405,acari,-15.4311,-74.6158,299.16,56,25,4.41,PE,1651685491
406,kvitok,56.0724,98.4813,272.07,86,70,1.57,RU,1651685492
407,cap-aux-meules,47.3821,-61.8597,280.18,70,75,7.2,CA,1651685492
408,sanmenxia,34.7747,111.1814,291.76,48,14,2.23,CN,1651685493
409,betafo,-19.8333,46.85,287.61,90,64,2.67,MG,1651685494
410,ostersund,63.1792,14.6357,280.4,49,0,2.06,SE,1651685318
411,kurchum,48.5722,83.6542,285.74,56,100,1.79,KZ,1651685495
412,onda,39.9667,-0.25,288.62,60,99,2.97,ES,1651685496
413,touros,-5.1989,-35.4608,301.14,80,65,6.7,BR,1651685496
414,mamallapuram,12.6264,80.1722,303.74,83,20,3.27,IN,1651685497
415,pontianak,-0.0333,109.3333,298.14,94,75,0.0,ID,1651685498
416,victoria,22.2855,114.1577,297.69,80,37,3.58,HK,1651685498
417,son la,21.3167,103.9,291.18,68,35,1.61,VN,1651685498
418,nelson bay,-32.7167,152.15,291.53,95,89,4.0,AU,1651685500
419,rawson,-43.3002,-65.1023,294.09,39,100,8.3,AR,1651685501
420,poronaysk,49.2167,143.1167,272.97,92,16,2.07,RU,1651685501
421,nanortalik,60.1432,-45.2371,273.93,80,46,4.16,GL,1651685501
422,norman wells,65.282,-126.8329,278.17,70,100,5.14,CA,1651685502
423,caconda,-13.7333,15.0667,288.97,58,6,1.55,AO,1651685502
424,havoysund,70.9963,24.6622,271.28,62,100,4.34,NO,1651685504
425,los llanos de aridane,28.6585,-17.9182,292.01,75,75,7.2,ES,1651685473
426,ginda,30.6945,78.4932,288.78,53,53,3.51,IN,1651685505
427,sibolga,1.7427,98.7792,298.15,89,100,1.02,ID,1651685505
428,kailua,21.4022,-157.7394,296.75,86,57,3.58,US,1651685506
429,marica,-22.9194,-42.8186,306.12,66,13,3.13,BR,1651685506
430,rodrigues alves,-7.738,-72.6509,304.26,99,100,1.87,BR,1651685507
431,bilma,18.6853,12.9164,310.44,10,100,3.28,NE,1651685508
432,nishihara,26.1842,127.7558,295.18,97,100,5.66,JP,1651685509
433,antofagasta,-23.65,-70.4,291.75,63,6,2.63,CL,1651685489
434,plettenberg bay,-34.0527,23.3716,290.35,92,93,1.38,ZA,1651685254
435,yaan,7.3833,8.5667,301.5,57,73,0.21,NG,1651685510
436,baisha,26.5222,110.9311,291.38,70,66,1.32,CN,1651685511
437,safaga,26.7292,33.9365,300.62,40,10,8.85,EG,1651685348
438,emerald,-23.5333,148.1667,291.23,100,17,2.57,AU,1651685512
439,asau,46.4333,26.4,288.66,84,94,1.76,RO,1651685512
440,inirida,3.8653,-67.9239,305.19,57,94,1.29,CO,1651685513
441,majene,-3.5403,118.9707,298.97,86,99,1.75,ID,1651685514
442,luderitz,-26.6481,15.1594,292.45,58,6,2.95,NA,1651685514
443,piuma,-20.8378,-40.7219,302.97,58,7,3.43,BR,1651685515
444,poum,-20.2333,164.0167,298.35,82,11,3.24,NC,1651685515
445,vostok,46.4856,135.8833,274.51,92,92,2.5,RU,1651685516
446,shingu,33.7333,135.9833,286.34,69,100,2.42,JP,1651685516
447,san cristobal,7.7669,-72.225,302.83,42,77,3.34,VE,1651685517
448,medea,36.2642,2.7539,286.01,88,63,5.14,DZ,1651685517
449,viedma,-40.8135,-62.9967,297.49,28,68,5.45,AR,1651685408
450,imeni babushkina,59.7573,43.1285,273.04,79,100,2.29,RU,1651685519
451,boa vista,2.8197,-60.6733,299.14,83,75,5.66,BR,1651685519
452,beira,-19.8436,34.8389,298.2,73,40,4.63,MZ,1651685520
453,sur,22.5667,59.5289,301.0,65,0,2.15,OM,1651685521
454,mildura,-34.2,142.15,279.86,87,2,2.06,AU,1651685521
455,chokurdakh,70.6333,147.9167,256.41,99,79,0.84,RU,1651685522
456,clyde river,70.4692,-68.5914,267.28,79,20,3.09,CA,1651685522
457,ayan,56.45,138.1667,272.21,95,97,0.2,RU,1651685523
458,port augusta,-32.5,137.7667,283.72,70,13,4.14,AU,1651685523
459,entre rios,-11.9419,-38.0844,303.15,55,65,3.81,BR,1651685524
460,rockport,28.0206,-97.0544,304.16,79,75,10.29,US,1651685524
461,plumlov,49.4661,17.015,290.81,63,87,0.45,CZ,1651685524
462,sabla,12.7525,4.7077,310.22,17,45,0.86,NG,1651685525
463,skwierzyna,52.5991,15.5065,291.43,58,87,1.63,PL,1651685526
464,saldanha,-33.0117,17.9442,291.18,92,66,4.12,ZA,1651685526
465,soligalich,59.0778,42.2864,272.53,78,95,2.01,RU,1651685528
466,bom jesus,-9.0744,-44.3586,310.38,25,78,2.63,BR,1651685528
467,pacifica,37.6138,-122.4869,298.14,68,14,0.45,US,1651685530
468,fukue,32.6881,128.8419,291.07,78,62,2.96,JP,1651685530
469,pokhara,28.2333,83.9833,294.78,73,97,1.89,NP,1651685530
470,lemery,11.2258,122.9275,298.11,86,74,2.08,PH,1651685531
471,bunia,1.5667,30.25,291.99,82,62,0.8,CD,1651685531
472,lorengau,-2.0226,147.2712,300.42,81,77,1.63,PG,1651685532
473,slave lake,55.2834,-114.769,282.14,71,100,1.03,CA,1651685533
474,lompoc,34.6391,-120.4579,297.42,62,0,2.06,US,1651685533
475,ternate,0.8,127.4,300.66,79,96,1.04,ID,1651685534
476,dalbandin,28.8947,64.4101,302.05,18,3,3.88,PK,1651685534
477,yulara,-25.2406,130.9889,287.06,62,100,3.09,AU,1651685535
478,troitskoye,52.9821,84.6757,279.2,39,87,5.46,RU,1651685535
479,patacamaya,-17.2333,-67.9167,286.63,29,92,0.84,BO,1651685399
480,macapa,0.0389,-51.0664,301.14,83,75,2.06,BR,1651685536
481,greenfield,42.9614,-88.0126,286.58,66,20,6.17,US,1651685538
482,wang saphung,17.301,101.7685,297.51,55,82,0.6,TH,1651685538
483,da nang,16.0678,108.2208,297.14,73,75,1.54,VN,1651685324
484,tifton,31.4505,-83.5085,304.42,47,40,3.6,US,1651685539
485,huanren,41.2647,125.3667,283.03,93,93,2.99,CN,1651685539
486,san jeronimo,-11.9472,-75.2829,287.46,57,70,1.03,PE,1651685540
487,lander,42.833,-108.7307,279.81,87,100,4.63,US,1651685540
488,capela do alto,-23.4706,-47.7347,292.2,55,71,7.04,BR,1651685541
489,tabatinga,-4.2525,-69.9381,299.2,89,75,2.06,BR,1651685541
490,bambanglipuro,-7.95,110.2833,297.94,90,100,1.81,ID,1651685541
491,sioux lookout,50.1001,-91.917,282.19,43,75,3.09,CA,1651685542
492,muisne,0.6,-80.0333,298.66,85,99,6.23,EC,1651685543
493,burnie,-41.0667,145.9167,278.12,90,1,2.32,AU,1651685543
494,namibe,-15.1961,12.1522,300.5,65,20,6.17,AO,1651685544
495,llanes,43.4198,-4.7549,287.45,79,47,1.78,ES,1651685544
496,ola,59.5833,151.2833,271.01,92,33,0.71,RU,1651685545
497,marzuq,14.4,46.4667,299.05,39,18,3.17,YE,1651685547
498,andros town,24.7,-77.7667,299.13,70,19,6.66,BS,1651685547
499,adrar,20.5022,-10.0711,308.66,12,6,4.24,MR,1651685548
500,tarauaca,-8.1614,-70.7656,294.73,96,99,2.51,BR,1651685548
501,yeppoon,-23.1333,150.7333,293.03,92,15,2.81,AU,1651685549
502,verkhoyansk,67.5447,133.385,261.72,98,91,1.29,RU,1651685549
503,ober-ramstadt,49.8336,8.7519,290.36,70,61,2.5,DE,1651685550
504,chern,53.4523,36.9145,277.43,66,33,4.48,RU,1651685496
505,chiredzi,-21.05,31.6667,294.62,63,91,1.78,ZW,1651685551
506,coihaique,-45.5752,-72.0662,285.49,81,75,3.09,CL,1651685551
507,diffa,13.3154,12.6113,309.26,14,18,3.93,NE,1651685551
508,harlingen,26.1906,-97.6961,304.13,75,75,11.32,US,1651685552
509,shimoda,34.6667,138.95,288.76,84,91,4.15,JP,1651685554
510,nioki,-2.7167,17.6833,296.91,86,87,1.48,CD,1651685554
511,baghpat,28.95,77.2167,298.19,37,64,3.01,IN,1651685554
512,vardo,70.3705,31.1107,269.14,100,75,9.26,NO,1651685555
513,monchegorsk,67.9397,32.8739,270.6,85,100,4.31,RU,1651685555
514,brigantine,39.4101,-74.3646,294.28,82,75,3.6,US,1651685556
515,road town,18.4167,-64.6167,302.2,74,40,6.69,VG,1651685547
516,havre-saint-pierre,50.2334,-63.5986,279.35,75,100,6.69,CA,1651685557
517,ouadda,8.0777,22.4007,293.56,91,85,2.41,CF,1651685557
518,la palma,33.8464,-118.0467,299.24,68,20,3.09,US,1651685558
519,yegorlykskaya,46.5656,40.6562,287.92,81,100,1.37,RU,1651685558
520,bairiki,1.3292,172.9752,299.15,89,20,3.6,KI,1651685559
521,barra,-11.0894,-43.1417,307.05,34,77,2.31,BR,1651685559
522,limoeiro,-7.8747,-35.4503,303.31,57,76,6.36,BR,1651685560
523,nkhotakota,-12.9274,34.2961,294.81,79,54,3.65,MW,1651685560
524,dharchula,29.85,80.5333,292.95,71,98,2.27,IN,1651685561
525,erdenet,49.0333,104.0833,272.68,82,93,6.66,MN,1651685561
526,umm lajj,25.0213,37.2685,301.41,56,24,5.09,SA,1651685561
527,songjianghe,42.1859,127.479,287.2,47,81,4.51,CN,1651685564
528,peniche,39.3558,-9.3811,295.97,77,0,7.27,PT,1651685564
529,mlimba,-8.8,35.8167,294.14,85,64,1.49,TZ,1651685565
530,dong hoi,17.4833,106.6,294.72,80,49,1.89,VN,1651685566
531,karratha,-20.7377,116.8463,300.11,32,17,8.68,AU,1651685566
532,kainan,34.15,135.2,289.17,67,100,2.26,JP,1651685567
533,hamilton,39.1834,-84.5333,288.14,80,100,4.63,US,1651685567
534,palana,59.1167,159.9667,271.2,87,100,4.1,RU,1651685415
535,corn island,12.1694,-83.0418,301.14,81,91,7.35,NI,1651685569
536,bathsheba,13.2167,-59.5167,303.49,66,20,8.75,BB,1651685569
537,ekhabi,53.5102,142.9671,270.12,96,15,3.31,RU,1651685570
538,miandrivazo,-19.5167,45.4667,298.63,66,3,0.4,MG,1651685571
539,homestead,25.4687,-80.4776,304.27,67,0,4.12,US,1651685571
540,swellendam,-34.0226,20.4417,290.39,88,55,2.31,ZA,1651685573
541,soyo,-6.1349,12.3689,299.57,89,66,4.25,AO,1651685574
542,malanville,11.8685,3.3899,311.44,18,100,1.19,BJ,1651685574
543,dovolnoye,54.4958,79.6671,281.15,37,100,3.06,RU,1651685575
544,svetlaya,46.5389,138.3297,274.39,90,96,1.73,RU,1651685575
545,oistins,13.0667,-59.5333,303.2,66,20,8.75,BB,1651685576
546,mitchell,43.7094,-98.0298,284.88,63,100,3.6,US,1651685576
547,talara,-4.5772,-81.2719,301.57,47,0,7.72,PE,1651685428
548,yar-sale,66.8333,70.8333,271.82,87,86,6.42,RU,1651685577
549,bereda,43.2686,-7.5406,288.38,69,29,3.2,ES,1651685578
550,ust-tsilma,65.441,52.1498,268.49,80,63,2.04,RU,1651685578
551,nuuk,64.1835,-51.7216,269.49,74,75,5.66,GL,1651685503
552,matagami,49.7502,-77.6328,274.21,75,100,5.14,CA,1651685579
553,ilulissat,69.2167,-51.1,265.16,67,75,5.66,GL,1651685580
554,ust-kan,50.9276,84.761,278.79,57,89,1.15,RU,1651685580
555,kajaani,64.2273,27.7285,276.18,38,0,3.6,FI,1651685581
556,pacific grove,36.6177,-121.9166,296.04,72,0,4.02,US,1651685581
557,borogontsy,62.6683,131.1683,270.4,99,100,0.82,RU,1651685582
558,high level,58.5169,-117.136,286.21,44,20,3.6,CA,1651685582
559,berbera,10.4396,45.0143,304.2,62,4,1.88,SO,1651685583
560,ous,60.9058,61.5186,277.03,92,100,4.02,RU,1651685583
561,padang,-0.9492,100.3543,298.76,81,100,1.39,ID,1651685583
562,zyryanka,65.75,150.85,271.69,92,100,0.77,RU,1651685584
563,mamakan,57.8161,114.0028,272.86,85,100,4.69,RU,1651685585
564,alyangula,-13.8483,136.4192,298.08,94,100,1.54,AU,1651685586
565,xiaoshi,41.2971,124.1209,283.67,92,88,3.97,CN,1651685586
566,panaba,21.2833,-88.2667,309.65,34,31,4.12,MX,1651685587
567,cubuk,40.2386,33.0322,284.01,66,75,5.14,TR,1651685587
568,general roca,-39.0333,-67.5833,297.38,26,100,3.4,AR,1651685541
569,dhidhdhoo,6.8833,73.1,303.17,69,100,6.39,MV,1651685588
