,City,Country,Date,Latitude,Longitude,Cloudiness (%),Humidity (%),Max Temp (F),Wind Speed (mph)
0,rikitea,PF,2022-05-04 19:40:53,-23.1203,-134.9692,74,83,77.63000000000005,8.77
1,albany,US,2022-05-04 19:40:54,42.6001,-73.9662,100,92,53.653999999999954,1.63
2,brejning,DK,2022-05-04 19:40:54,55.6613,9.677,100,69,55.688000000000045,4.51
3,ushuaia,AR,2022-05-04 19:40:54,-54.8,-68.3,40,65,44.492,6.17
4,cape town,ZA,2022-05-04 19:40:55,-33.9258,18.4232,0,87,64.38200000000002,4.12
5,takoradi,GH,2022-05-04 19:40:55,4.8845,-1.7554,75,76,82.92200000000004,4.51
6,kavieng,PG,2022-05-04 19:40:56,-2.5744,150.7967,75,77,82.75999999999999,4.88
7,iqaluit,CA,2022-05-04 19:40:56,63.7506,-68.5145,20,73,12.2,9.77
8,san carlos de bariloche,AR,2022-05-04 19:40:57,-41.1456,-71.3082,75,51,60.817999999999984,10.8
9,lagos,NG,2022-05-04 19:40:57,6.5833,3.75,79,91,77.59399999999997,1.33
10,sola,VU,2022-05-04 19:40:34,-13.8833,167.55,100,78,80.33000000000004,1.3
11,mataura,NZ,2022-05-04 19:40:58,-46.1927,168.8643,2,88,46.742,1.36
12,busselton,AU,2022-05-04 19:40:59,-33.65,115.3333,0,65,52.44800000000002,5.92
13,tautira,PF,2022-05-04 19:40:59,-17.7333,-149.15,70,77,81.842,4.83
14,dolores,AR,2022-05-04 19:41:00,-36.3132,-57.6792,1,40,65.49800000000002,4.45
15,hilo,US,2022-05-04 19:38:57,19.7297,-155.09,100,96,77.558,1.54
16,ribeira grande,PT,2022-05-04 19:41:01,38.5167,-28.7,40,82,66.86600000000001,3.09
17,port alfred,ZA,2022-05-04 19:41:02,-33.5906,26.891,16,92,63.446000000000055,1.6
18,bambous virieux,MU,2022-05-04 19:41:03,-20.3428,57.7575,40,78,79.32200000000003,7.2
19,chuy,UY,2022-05-04 19:41:03,-33.6971,-53.4616,52,67,65.89399999999998,3.63
20,hobart,AU,2022-05-04 19:41:04,-42.8794,147.3294,72,91,43.32200000000004,4.12
21,zyryanka,RU,2022-05-04 19:41:04,65.75,150.85,100,92,29.641999999999996,0.77
22,nanchang,CN,2022-05-04 19:41:05,28.6833,115.8833,50,64,68.37799999999996,0.37
23,galesong,ID,2022-05-04 19:41:05,-5.3166,119.3661,99,84,79.08800000000005,3.15
24,mullaitivu,,,,,,,,
25,dingle,PH,2022-05-04 19:41:07,10.9995,122.6711,80,82,77.66600000000001,3.29
26,east london,ZA,2022-05-04 19:41:07,-33.0153,27.9116,40,94,67.40600000000003,0.51
27,makokou,GA,2022-05-04 19:41:08,0.5738,12.8642,81,96,72.42799999999997,0.65
28,koutiala,ML,2022-05-04 19:41:08,12.3917,-5.4642,45,7,103.42400000000002,3.94
29,fortuna,US,2022-05-04 19:39:04,40.5982,-124.1573,0,81,59.19800000000002,4.12
30,sao joao da barra,BR,2022-05-04 19:41:09,-21.6403,-41.0511,3,69,89.95999999999998,7.14
31,labuhan,ID,2022-05-04 19:41:09,-6.8844,112.2051,100,89,78.29600000000005,3.53
32,bluff,NZ,2022-05-04 19:41:10,-46.6,168.3333,3,80,47.06600000000001,3.69
33,los llanos de aridane,ES,2022-05-04 19:41:10,28.6585,-17.9182,75,75,66.21799999999999,7.2
34,illoqqortoormiut,,,,,,,,
35,castro,BR,2022-05-04 19:41:11,-24.7911,-50.0119,64,73,57.596000000000046,5.09
36,butaritari,KI,2022-05-04 19:41:12,3.0707,172.7902,29,79,80.76199999999996,5.15
37,punta arenas,CL,2022-05-04 19:40:53,-53.15,-70.9167,75,81,44.977999999999966,6.69
38,atuona,PF,2022-05-04 19:41:12,-9.8,-139.0333,81,72,79.50199999999998,7.06
39,matara,LK,2022-05-04 19:41:13,5.9485,80.5353,67,88,80.45600000000003,4.86
40,tall kayf,TR,2022-05-04 19:41:14,37.0833,41.0667,88,75,65.01199999999996,9.02
41,tura,IN,2022-05-04 19:41:14,25.5198,90.2201,29,91,69.89000000000001,1.56
42,helong,CN,2022-05-04 19:41:15,42.5397,128.9972,100,41,58.225999999999985,2.01
43,qaanaaq,GL,2022-05-04 19:41:15,77.484,-69.3632,44,73,23.341999999999995,0.37
44,new norfolk,AU,2022-05-04 19:41:16,-42.7826,147.0587,54,80,42.98000000000004,0.77
45,constitucion,CL,2022-05-04 19:41:16,-35.3333,-72.4167,100,60,64.076,3.59
46,thompson,CA,2022-05-04 19:41:17,55.7435,-97.8558,100,74,27.032000000000018,3.6
47,saint-joseph,RE,2022-05-04 19:41:17,-21.3667,55.6167,31,85,74.04800000000003,6.79
48,qaqortoq,GL,2022-05-04 19:41:17,60.7167,-46.0333,21,63,35.725999999999985,3.42
49,portland,US,2022-05-04 19:41:18,45.5234,-122.6762,100,69,62.366000000000014,1.34
50,mehamn,NO,2022-05-04 19:41:18,71.0357,27.8492,100,63,28.58000000000004,5.92
51,kavaratti,IN,2022-05-04 19:41:19,10.5669,72.642,80,70,86.01799999999999,4.44
52,oyama,JP,2022-05-04 19:41:20,36.3,139.8,46,63,66.84800000000003,1.08
53,bud,US,2022-05-04 19:41:20,39.447,-86.1758,100,80,61.05199999999998,3.8
54,tiksi,RU,2022-05-04 19:41:21,71.6872,128.8694,19,98,3.343999999999969,1.67
55,hearst,CA,2022-05-04 19:41:21,49.6835,-83.6665,84,61,45.122000000000035,3.6
56,ahipara,NZ,2022-05-04 19:41:22,-35.1667,173.1667,20,91,58.58599999999997,2.97
57,jamestown,US,2022-05-04 19:41:22,42.097,-79.2353,100,94,53.79800000000003,4.63
58,faanui,PF,2022-05-04 19:41:23,-16.4833,-151.75,99,77,81.68000000000004,4.92
59,kieta,PG,2022-05-04 19:41:23,-6.2167,155.6333,55,81,80.41999999999996,1.13
60,saint-andre-les-vergers,FR,2022-05-04 19:41:24,48.2853,4.0521,88,82,55.70600000000003,1.03
61,grand river south east,,,,,,,,
62,kamaishi,JP,2022-05-04 19:41:24,39.2667,141.8833,30,85,48.398000000000025,0.7
63,upernavik,GL,2022-05-04 19:41:25,72.7868,-56.1549,87,87,13.333999999999993,3.66
64,aykhal,RU,2022-05-04 19:41:25,66,111.5,100,91,15.817999999999984,1.73
65,bellavista,PE,2022-05-04 19:41:26,-7.0561,-76.5911,20,74,87.54800000000003,0
66,barentsburg,,,,,,,,
67,mar del plata,AR,2022-05-04 19:38:09,-38.0023,-57.5575,0,51,68.21600000000001,10.29
68,prado,BR,2022-05-04 19:41:27,-17.3411,-39.2208,0,72,82.076,5.89
69,montepuez,MZ,2022-05-04 19:41:28,-13.1256,38.9997,20,83,65.78599999999997,2.17
70,bilma,NE,2022-05-04 19:41:28,18.6853,12.9164,100,10,99.392,3.28
71,vaini,TO,2022-05-04 19:41:28,-21.2,-175.2,20,94,72.03200000000001,2.57
72,srednekolymsk,RU,2022-05-04 19:41:29,67.45,153.6833,100,97,28.508000000000003,0.85
73,batagay-alyta,RU,2022-05-04 19:41:29,67.8006,130.4114,100,97,6.8539999999999495,1.87
74,lebu,CL,2022-05-04 19:41:30,-37.6167,-73.65,100,76,59.432000000000016,7.14
75,freital,DE,2022-05-04 19:41:30,51.0017,13.6488,0,36,68.63000000000005,4.12
76,tuatapere,NZ,2022-05-04 19:41:31,-46.1333,167.6833,22,83,51.38599999999997,2.35
77,hermanus,ZA,2022-05-04 19:41:31,-34.4187,19.2345,22,82,64.076,2.47
78,isangel,VU,2022-05-04 19:41:31,-19.55,169.2667,0,81,76.35199999999998,1.85
79,matameye,,,,,,,,
80,fenoarivo,MG,2022-05-04 19:41:32,-18.933,47.4354,20,82,62.94199999999999,3.6
81,kruisfontein,ZA,2022-05-04 19:41:33,-34.0033,24.7314,67,95,64.14800000000002,0.98
82,khandbari,NP,2022-05-04 19:41:33,27.3747,87.2039,80,82,70.34000000000003,0.46
83,sigerfjord,,,,,,,,
84,southbridge,US,2022-05-04 19:41:34,42.0751,-72.0334,100,96,54.12200000000004,1.79
85,bathsheba,BB,2022-05-04 19:41:35,13.2167,-59.5167,20,66,86.88200000000002,8.75
86,tateyama,JP,2022-05-04 19:41:35,34.9833,139.8667,88,80,60.36799999999998,6.04
87,yola,NG,2022-05-04 19:41:35,9.2,12.4833,20,55,93.29000000000002,5.14
88,taolanaro,,,,,,,,
89,tabuk,PH,2022-05-04 19:41:37,17.4189,121.4443,99,92,74.67799999999997,1.43
90,perur,IN,2022-05-04 19:41:37,10.9667,76.9,75,88,73.36400000000003,2.06
91,port lincoln,AU,2022-05-04 19:41:38,-34.7333,135.8667,87,51,56.858000000000004,8.54
92,carnarvon,AU,2022-05-04 19:41:38,-24.8667,113.6333,6,67,62.94199999999999,3.6
93,avdon,RU,2022-05-04 19:41:39,54.6667,55.7167,0,37,54.98599999999997,4
94,san cristobal,VE,2022-05-04 19:41:40,7.7669,-72.225,77,42,88.25,3.34
95,kodiak,US,2022-05-04 19:41:40,57.79,-152.4072,100,87,42.58399999999999,2.06
96,qasigiannguit,GL,2022-05-04 19:41:41,68.8193,-51.1922,100,77,18.122000000000035,3.18
97,cascais,PT,2022-05-04 19:41:41,38.6979,-9.4215,20,55,75.326,8.75
98,ilulissat,GL,2022-05-04 19:41:42,69.2167,-51.1,75,67,17.888000000000044,5.66
99,burnie,AU,2022-05-04 19:41:42,-41.0667,145.9167,1,90,41.21600000000001,2.32
100,guerrero negro,MX,2022-05-04 19:39:20,27.9769,-114.0611,1,56,65.93000000000004,5.62
101,narsaq,GL,2022-05-04 19:41:43,60.9167,-46.05,11,50,43.285999999999966,1.58
102,barda,AZ,2022-05-04 19:41:44,40.3744,47.1267,54,62,63.95,5.99
103,nurota,UZ,2022-05-04 19:41:44,40.5614,65.6886,98,51,70.34000000000003,1.96
104,tasiilaq,GL,2022-05-04 19:41:44,65.6145,-37.6368,100,68,28.832000000000015,4.03
105,yellowknife,CA,2022-05-04 19:41:45,62.456,-114.3525,100,87,38.19199999999999,8.75
106,san quintin,MX,2022-05-04 19:41:36,30.4833,-115.95,10,65,64.292,4.03
107,ouro preto do oeste,BR,2022-05-04 19:41:46,-10.7481,-62.2158,98,72,79.66400000000004,2.81
108,cabo san lucas,MX,2022-05-04 19:41:46,22.8909,-109.9124,10,47,83.31799999999998,2.68
109,kahului,US,2022-05-04 19:41:46,20.8947,-156.47,40,85,73.68800000000005,6.69
110,busembatia,UG,2022-05-04 19:41:47,0.7697,33.6131,95,94,67.28000000000004,2.28
111,yulara,AU,2022-05-04 19:41:47,-25.2406,130.9889,100,62,57.30800000000001,3.09
112,ashland,US,2022-05-04 19:41:48,40.8167,-82.2665,100,94,52.03399999999999,4.34
113,arawa,PG,2022-05-04 19:41:48,-6.2132,155.5367,76,90,78.08000000000004,0.66
114,ancud,CL,2022-05-04 19:41:49,-41.8697,-73.8203,100,98,54.842,3.95
115,hay river,CA,2022-05-04 19:41:49,60.8156,-115.7999,75,58,52.05199999999998,5.14
116,bacuit,,,,,,,,
117,tadine,NC,2022-05-04 19:41:50,-21.55,167.8833,11,81,74.04800000000003,4.02
118,severo-kurilsk,RU,2022-05-04 19:41:50,50.6789,156.125,97,87,33.76400000000003,1.68
119,kloulklubed,PW,2022-05-04 19:41:51,7.0419,134.2556,70,76,79.57400000000001,8.13
120,boyolangu,ID,2022-05-04 19:41:51,-8.1181,111.8935,99,93,76.35199999999998,0.39
121,airai,TL,2022-05-04 19:41:52,-8.9266,125.4092,82,90,59.359999999999985,1.27
122,provideniya,RU,2022-05-04 19:41:53,64.3833,-173.3,59,86,26.924000000000014,4.08
123,shimoda,JP,2022-05-04 19:41:53,34.6667,138.95,91,84,60.36799999999998,4.15
124,sentyabrskiy,,,,,,,,
125,healdsburg,US,2022-05-04 19:41:54,38.6105,-122.8692,5,50,84.38000000000005,1.7
126,pevek,RU,2022-05-04 19:41:55,69.7008,170.3133,100,89,10.201999999999973,2.41
127,mtwara,TZ,2022-05-04 19:41:55,-10.2667,40.1833,66,87,75.77599999999998,5.23
128,yuxia,CN,2022-05-04 19:41:56,34.0615,108.6291,29,56,63.48200000000001,4.11
129,najran,SA,2022-05-04 19:41:56,17.4924,44.1277,1,19,88.71799999999999,3.67
130,scarborough,GB,2022-05-04 19:41:57,54.2797,-0.4044,73,87,57.596000000000046,0.89
131,attawapiskat,,,,,,,,
132,esperance,AU,2022-05-04 19:41:57,-33.8667,121.9,99,61,55.50800000000001,3.42
133,bundaberg,AU,2022-05-04 19:41:58,-24.85,152.35,100,99,67.47799999999997,2.57
134,luderitz,NA,2022-05-04 19:40:18,-26.6481,15.1594,6,58,67.00999999999999,2.95
135,boueni,YT,2022-05-04 19:41:59,-12.9025,45.0761,36,70,80.85199999999998,1.86
136,tongsa,,,,,,,,
137,terrace,CA,2022-05-04 19:42:00,54.5163,-128.6035,100,93,41.18000000000004,4.12
138,meyungs,,,,,,,,
139,akdepe,TM,2022-05-04 19:42:00,42.0551,59.3788,96,62,71.95999999999998,4.14
140,alyangula,AU,2022-05-04 19:42:01,-13.8483,136.4192,100,94,77.14399999999998,1.54
141,mantua,IT,2022-05-04 19:41:01,45.1667,10.7833,100,75,67.08200000000002,3
142,tucurui,BR,2022-05-04 19:42:02,-3.7661,-49.6725,90,83,83.62400000000002,1.61
143,barrow,US,2022-05-04 19:42:02,71.2906,-156.7887,100,79,16.088000000000044,6.17
144,puerto ayora,EC,2022-05-04 19:42:03,-0.7393,-90.3518,33,76,80.834,3.86
145,mrirt,,,,,,,,
146,chicla,PE,2022-05-04 19:42:04,-11.705,-76.2686,51,59,52.73599999999997,0.83
147,dikson,RU,2022-05-04 19:42:04,73.5069,80.5464,96,82,15.925999999999988,9.4
148,bowen,AU,2022-05-04 19:42:05,-20.0167,148.2333,4,91,70.50199999999998,2.97
149,cockburn town,TC,2022-05-04 19:42:05,21.4612,-71.1419,40,77,79.25,6.83
150,bubaque,GW,2022-05-04 19:42:05,11.2833,-15.8333,11,69,79.19600000000005,6.98
151,galena park,US,2022-05-04 19:42:06,29.7336,-95.2302,75,68,88.64600000000004,12.86
152,russell,US,2022-05-04 19:42:06,32.3502,-85.1999,75,69,87.18800000000005,3.6
153,walvis bay,NA,2022-05-04 19:42:07,-22.9575,14.5053,0,26,83.62400000000002,3.09
154,lompoc,US,2022-05-04 19:42:07,34.6391,-120.4579,0,61,76.96400000000003,2.06
155,dunedin,NZ,2022-05-04 19:42:08,-45.8742,170.5036,39,90,54.067999999999984,1.59
156,clyde river,CA,2022-05-04 19:42:08,70.4692,-68.5914,20,79,21.70399999999995,3.09
157,kapaa,US,2022-05-04 19:42:08,22.0752,-159.319,75,87,74.39000000000001,8.75
158,borogontsy,RU,2022-05-04 19:42:09,62.6683,131.1683,100,99,27.319999999999958,0.82
159,kharan,PK,2022-05-04 19:42:09,28.5833,65.4167,0,14,87.35,2.79
160,petropavlovsk-kamchatskiy,RU,2022-05-04 19:41:23,53.0452,158.6483,0,100,25.664000000000033,2
161,hofn,IS,2022-05-04 19:42:10,64.2539,-15.2082,75,61,43.088000000000044,4.63
162,abiramam,IN,2022-05-04 19:42:12,9.4667,78.45,100,59,89.36600000000001,1.4
163,buqayq,,,,,,,,
164,lima,PE,2022-05-04 19:42:13,-12.0432,-77.0282,0,74,70.66400000000004,4.12
165,makakilo city,US,2022-05-04 19:42:13,21.3469,-158.0858,0,79,73.45399999999995,3.09
166,amderma,,,,,,,,
167,meulaboh,ID,2022-05-04 19:42:14,4.1363,96.1285,100,88,77.14399999999998,1.63
168,kununurra,AU,2022-05-04 19:42:15,-15.7667,128.7333,12,88,71.85199999999998,0
169,avarua,CK,2022-05-04 19:42:15,-21.2078,-159.775,20,88,77.32400000000001,2.06
170,grand bend,CA,2022-05-04 19:42:16,43.3168,-81.7498,94,90,60.49399999999997,5.81
171,port elizabeth,ZA,2022-05-04 19:41:28,-33.918,25.5701,0,94,66.36199999999997,1.03
172,saskylakh,RU,2022-05-04 19:42:18,71.9167,114.0833,100,91,22.28000000000004,2.76
173,bredasdorp,ZA,2022-05-04 19:42:19,-34.5322,20.0403,49,95,60.61999999999996,2.26
174,naryan-mar,RU,2022-05-04 19:42:20,67.6713,53.087,44,85,11.317999999999984,4.29
175,lasa,IT,2022-05-04 19:42:20,46.6166,10.7002,100,98,55.63399999999999,1.43
176,sisimiut,GL,2022-05-04 19:42:21,66.9395,-53.6735,100,74,20.24600000000005,2.88
177,chokurdakh,RU,2022-05-04 19:42:21,70.6333,147.9167,79,99,2.1380000000000443,0.84
178,arraial do cabo,BR,2022-05-04 19:42:21,-22.9661,-42.0278,0,58,93.434,5.66
179,bengkulu,ID,2022-05-04 19:42:22,-3.8004,102.2655,93,87,75.75800000000001,1.49
180,port-gentil,GA,2022-05-04 19:42:22,-0.7193,8.7815,20,78,80.834,0
181,victoria,HK,2022-05-04 19:38:31,22.2855,114.1577,37,82,76.44200000000001,2.68
182,inta,RU,2022-05-04 19:42:23,66.0317,60.1659,99,75,26.02400000000001,6.86
183,uyskoye,RU,2022-05-04 19:40:42,54.3775,60.0047,35,49,48.34399999999997,2.98
184,mastic beach,US,2022-05-04 19:42:24,40.7668,-72.8521,100,87,59.377999999999965,3.6
185,bethel,US,2022-05-04 19:42:24,41.3712,-73.414,100,91,56.156000000000034,1.54
186,tuktoyaktuk,CA,2022-05-04 19:42:25,69.4541,-133.0374,100,100,23.26999999999996,6.69
187,paita,PE,2022-05-04 19:42:26,-5.0892,-81.1144,75,67,74.93000000000004,5.22
188,mayumba,GA,2022-05-04 19:42:26,-3.432,10.6554,100,90,79.84399999999997,2.65
189,tukums,LV,2022-05-04 19:42:27,56.9669,23.1553,85,59,46.022000000000034,1.59
190,salazie,RE,2022-05-04 19:42:28,-21.0273,55.539,75,86,70.75399999999996,8.23
191,vao,NC,2022-05-04 19:42:28,-22.6667,167.4833,6,80,75.03800000000004,6.57
192,avenal,US,2022-05-04 19:42:28,36.0041,-120.129,1,19,76.81999999999996,1.83
193,poum,NC,2022-05-04 19:42:29,-20.2333,164.0167,11,82,77.63000000000005,3.24
194,pochutla,MX,2022-05-04 19:42:29,15.7432,-96.4661,87,38,92.084,3.68
195,xadani,,,,,,,,
196,hamilton,US,2022-05-04 19:42:30,39.1834,-84.5333,100,80,59.25199999999998,4.63
197,charters towers,AU,2022-05-04 19:42:31,-20.1,146.2667,100,84,71.43800000000005,2.78
198,saint-philippe,RE,2022-05-04 19:42:31,-21.3585,55.7679,56,87,75.05600000000004,6.66
199,khani,GE,2022-05-04 19:42:31,41.9563,42.9566,100,99,46.23800000000004,1.45
200,the valley,AI,2022-05-04 19:42:32,18.217,-63.0578,40,69,86.12599999999999,6.69
201,nome,US,2022-05-04 19:42:32,64.5011,-165.4064,100,93,26.941999999999997,0
202,byron bay,AU,2022-05-04 19:37:33,-28.65,153.6167,15,92,64.21999999999997,2.49
203,soe,ID,2022-05-04 19:42:33,-9.8607,124.284,57,94,67.1,1.57
204,chagda,,,,,,,,
205,rawannawi,,,,,,,,
206,muzhi,RU,2022-05-04 19:42:34,65.3667,64.6667,77,92,28.4,2.86
207,port augusta,AU,2022-05-04 19:42:35,-32.5,137.7667,13,70,51.29600000000005,4.14
208,half moon bay,US,2022-05-04 19:42:35,37.4636,-122.4286,0,62,80.15,0
209,wahiawa,US,2022-05-04 19:42:36,21.5028,-158.0236,100,85,71.63599999999997,1.54
210,lavrentiya,RU,2022-05-04 19:42:36,65.5833,-171,87,90,21.43399999999999,3.39
211,vaitupu,,,,,,,,
212,birao,CF,2022-05-04 19:42:37,10.2849,22.7882,95,40,88.55600000000004,2.45
213,faya,SA,2022-05-04 19:42:38,18.3851,42.4509,46,55,71.97799999999997,1.61
214,fairbanks,US,2022-05-04 19:38:27,64.8378,-147.7164,0,57,47.498000000000026,0.45
215,savannakhet,LA,2022-05-04 19:42:38,16.566,104.751,41,75,69.89000000000001,1.8
216,caluquembe,AO,2022-05-04 19:42:39,-13.7833,14.6833,6,57,60.36799999999998,0.83
217,vodnyy,RU,2022-05-04 19:42:39,63.5046,53.4095,97,91,29.48000000000004,2.4
218,deer lake,CA,2022-05-04 19:42:40,49.1667,-57.4316,75,54,51.92599999999999,3.6
219,barreirinhas,BR,2022-05-04 19:42:40,-2.7469,-42.8264,89,73,85.04600000000005,2.47
220,sisophon,KH,2022-05-04 19:42:41,13.5859,102.9737,93,76,76.58599999999997,2.05
221,caravelas,BR,2022-05-04 19:42:41,-17.7125,-39.2481,0,66,83.03000000000004,4.7
222,bitung,ID,2022-05-04 19:38:00,1.4451,125.1824,65,84,76.316,1.44
223,sitka,US,2022-05-04 19:42:42,57.0531,-135.33,75,70,44.76199999999996,7.2
224,samusu,,,,,,,,
225,mount isa,AU,2022-05-04 19:42:44,-20.7333,139.5,0,37,68.03599999999997,7.72
226,mitsamiouli,KM,2022-05-04 19:42:44,-11.3847,43.2844,40,57,82.958,2.06
227,henties bay,NA,2022-05-04 19:42:45,-22.116,14.2845,0,54,71.47400000000002,3.98
228,leh,IN,2022-05-04 19:42:45,34.1667,77.5833,55,45,48.23599999999997,2.76
229,sambava,MG,2022-05-04 19:42:46,-14.2667,50.1667,36,80,76.51400000000004,6.73
230,kiunga,PG,2022-05-04 19:42:46,-6.1219,141.2906,100,100,73.59800000000003,0.44
231,zhangjiakou,CN,2022-05-04 19:42:46,40.81,114.8794,92,20,68.77400000000002,1.95
232,lagoa,PT,2022-05-04 19:42:47,39.05,-27.9833,100,84,63.193999999999974,4.37
233,xuanhua,CN,2022-05-04 19:42:47,40.6103,115.0447,97,19,71.29399999999998,2.08
234,nizhneyansk,,,,,,,,
235,hasaki,JP,2022-05-04 19:42:48,35.7333,140.8333,100,79,54.55399999999995,4.86
236,kaitangata,NZ,2022-05-04 19:42:49,-46.2817,169.8464,42,87,48.70399999999995,1.83
237,orbetello,IT,2022-05-04 19:40:06,42.4408,11.2196,79,79,62.88800000000005,1.77
238,banda aceh,ID,2022-05-04 19:42:49,5.5577,95.3222,94,78,80.34800000000003,4.16
239,duque de caxias,BR,2022-05-04 19:42:50,-22.7856,-43.3117,0,63,91.59800000000003,5.66
240,tecoanapa,MX,2022-05-04 19:42:50,16.5167,-98.75,100,43,87.09800000000003,4.8
241,fevralsk,,,,,,,,
242,shemonaikha,KZ,2022-05-04 19:42:51,50.6328,81.9056,99,41,50.45,1.37
243,bac lieu,VN,2022-05-04 19:42:52,9.285,105.7244,56,78,82.13000000000005,3.77
244,martapura,ID,2022-05-04 19:42:52,-3.4167,114.85,99,100,75.55999999999997,1.03
245,paucartambo,,,,,,,,
246,saint-denis,FR,2022-05-04 19:42:53,48.9167,2.3333,100,55,64.50800000000001,3.6
247,katsuura,JP,2022-05-04 19:42:54,35.1333,140.3,85,81,62.924000000000014,6.08
248,sungairaya,ID,2022-05-04 19:42:55,0.7,108.9,100,90,77.80999999999997,1.84
249,nikolskoye,RU,2022-05-04 19:42:56,59.7035,30.7861,53,69,41.161999999999956,2.19
250,mogadishu,SO,2022-05-04 19:42:56,2.0371,45.3438,74,78,82.23800000000006,6.22
251,mys shmidta,,,,,,,,
252,livingston,GB,2022-05-04 19:42:57,55.9029,-3.5226,40,63,60.403999999999954,5.66
253,wajima,JP,2022-05-04 19:42:58,37.4,136.9,0,69,57.34399999999997,4.38
254,rosarito,MX,2022-05-04 19:42:58,32.3333,-117.0333,1,66,68.75600000000003,4.55
255,yerbogachen,RU,2022-05-04 19:42:59,61.2767,108.0108,100,83,30.25399999999995,7.22
256,makaryev,RU,2022-05-04 19:42:59,57.8797,43.8069,65,74,35.780000000000044,3.16
257,saryshagan,,,,,,,,
258,saint george,US,2022-05-04 19:43:00,37.1041,-113.5841,0,26,69.90800000000002,3.09
259,grand gaube,MU,2022-05-04 19:43:01,-20.0064,57.6608,5,74,79.46600000000001,4.02
260,luganville,VU,2022-05-04 19:43:01,-15.5333,167.1667,30,85,78.24199999999999,0.79
261,tambilil,PH,2022-05-04 19:43:01,5.9622,124.6697,68,86,79.43000000000004,1.54
262,torbay,CA,2022-05-04 19:43:02,47.6666,-52.7314,75,82,49.153999999999954,4.63
263,sandwick,GB,2022-05-04 19:43:03,60,-1.25,75,87,48.29000000000002,7.72
264,mount vernon,US,2022-05-04 19:43:04,40.9126,-73.8371,100,87,59.900000000000006,3.6
265,tsihombe,,,,,,,,
266,drovyanaya,RU,2022-05-04 19:43:05,51.5833,113.0333,99,51,41.306000000000026,3.75
267,soyo,AO,2022-05-04 19:43:05,-6.1349,12.3689,66,89,79.826,4.25
268,chapais,CA,2022-05-04 19:43:06,49.7834,-74.8492,98,64,35.653999999999954,5.2
269,sao filipe,CV,2022-05-04 19:43:06,14.8961,-24.4956,3,79,73.45399999999995,4.3
270,kamenka,RU,2022-05-04 19:43:07,51.3223,42.7678,40,71,52.196000000000055,2.45
271,santiago del estero,AR,2022-05-04 19:38:46,-27.7951,-64.2615,0,30,73.94000000000003,4.48
272,staropesterevo,RU,2022-05-04 19:43:07,54.5001,86.4094,19,47,40.51400000000003,3.83
273,toliary,,,,,,,,
274,grand centre,,,,,,,,
275,abu dhabi,AE,2022-05-04 19:40:45,24.4667,54.3667,0,62,84.48800000000006,3.6
276,alexandria,EG,2022-05-04 19:40:13,31.2156,29.9553,40,68,68.234,5.14
277,palmer,US,2022-05-04 19:43:10,42.1584,-72.3287,100,85,54.51799999999999,0
278,namibe,AO,2022-05-04 19:43:10,-15.1961,12.1522,20,65,81.5,6.17
279,pierre,US,2022-05-04 19:43:10,44.3683,-100.351,20,65,56.317999999999984,5.66
280,northam,GB,2022-05-04 19:43:11,51.0333,-4.2167,59,86,58.658,4.61
281,leningradskiy,RU,2022-05-04 19:43:11,69.3833,178.4167,55,92,8.077999999999964,2.9
282,saldanha,ZA,2022-05-04 19:43:12,-33.0117,17.9442,66,92,64.72400000000002,4.12
283,rawson,AR,2022-05-04 19:43:12,-43.3002,-65.1023,100,39,69.96199999999996,8.3
284,sorland,NO,2022-05-04 19:43:13,67.667,12.6934,100,71,37.52599999999999,8.64
285,cidreira,BR,2022-05-04 19:43:13,-30.1811,-50.2056,99,86,67.19000000000003,8.23
286,tukrah,LY,2022-05-04 19:43:14,32.5341,20.5791,0,68,62.906000000000034,3.7
287,gat,IL,2022-05-04 19:43:14,31.61,34.7642,36,100,67.15399999999995,3.95
288,swift current,CA,2022-05-04 19:43:15,50.2834,-107.8014,0,28,69.08000000000004,5.14
289,georgetown,MY,2022-05-04 19:43:15,5.4112,100.3354,20,89,82.61600000000001,1.54
290,atagay,RU,2022-05-04 19:43:16,55.1033,99.3875,76,75,32.97200000000004,2.95
291,veraval,IN,2022-05-04 19:43:16,20.9,70.3667,0,86,81.71600000000001,4
292,buala,SB,2022-05-04 19:43:17,-8.145,159.5921,8,79,80.02400000000002,1.87
293,wanning,CN,2022-05-04 19:43:17,18.8003,110.3967,62,91,72.33800000000005,3.32
294,marawi,PH,2022-05-04 19:43:18,7.9986,124.2928,88,93,69.69200000000001,0.7
295,santa rosa,PH,2022-05-04 19:43:18,14.3122,121.1114,14,73,84.45199999999997,2.39
296,pacific grove,US,2022-05-04 19:39:03,36.6177,-121.9166,0,75,73.47200000000004,4.92
297,ustye,RU,2022-05-04 19:43:19,59.6304,39.736,99,78,31.675999999999988,2.79
298,jinchang,CN,2022-05-04 19:43:20,38.4953,102.1739,19,12,68.77400000000002,1.99
299,riyadh,SA,2022-05-04 19:34:27,24.6877,46.7219,42,11,97.21400000000004,0.67
300,tacuarembo,UY,2022-05-04 19:43:20,-31.7333,-55.9833,38,73,65.48000000000005,2.91
301,roald,NO,2022-05-04 19:43:21,62.5833,6.1333,75,62,51.601999999999975,7.2
302,delta del tigre,UY,2022-05-04 19:43:21,-34.7633,-56.3853,0,53,66.57799999999997,1.72
303,talnakh,RU,2022-05-04 19:43:22,69.4865,88.3972,98,95,33.475999999999985,6.69
304,port hedland,AU,2022-05-04 19:43:22,-20.3167,118.5667,52,31,77.32400000000001,4.63
305,norman wells,CA,2022-05-04 19:43:23,65.282,-126.8329,100,70,41.306000000000026,5.14
306,berlevag,NO,2022-05-04 19:43:23,70.8578,29.0864,75,64,28.616000000000007,8.75
307,vostok,RU,2022-05-04 19:43:23,46.4856,135.8833,92,92,34.71799999999998,2.5
308,qibili,,,,,,,,
309,kandrian,PG,2022-05-04 19:43:24,-6.2167,149.55,90,88,78.16999999999996,1.46
310,kita,ML,2022-05-04 19:43:25,13.0349,-9.4895,93,19,102.07400000000001,2.35
311,tessalit,ML,2022-05-04 19:43:25,20.1986,1.0114,98,6,97.32200000000005,3.2
312,kutum,SD,2022-05-04 19:43:26,14.2,24.6667,24,19,89.16799999999998,6.71
313,aden,YE,2022-05-04 19:43:26,12.7794,45.0367,1,67,86.50399999999996,2.28
314,zolotinka,,,,,,,,
315,palabuhanratu,,,,,,,,
316,arona,ES,2022-05-04 19:40:03,28.0996,-16.681,20,61,63.391999999999996,10.8
317,qui nhon,VN,2022-05-04 19:43:28,13.7667,109.2333,93,83,75.99199999999999,3.11
318,vejprnice,CZ,2022-05-04 19:43:28,49.7299,13.2763,100,73,61.75399999999995,2.57
319,kyshtovka,RU,2022-05-04 19:43:29,56.555,76.6271,62,50,47.461999999999954,3.39
320,santa cruz,BO,2022-05-04 19:40:00,-17.8,-63.1667,6,41,75.52400000000002,7.2
321,cayenne,GF,2022-05-04 19:43:29,4.9333,-52.3333,75,74,82.70600000000003,5.66
322,lindi,TZ,2022-05-04 19:43:30,-10,39.7167,71,87,73.75999999999999,2.07
323,sarakhs,IR,2022-05-04 19:43:30,36.5449,61.1577,0,53,75.61400000000003,3.09
324,pemangkat,ID,2022-05-04 19:43:31,1.1667,108.9667,100,89,78.18800000000005,2.19
325,sarangani,PH,2022-05-04 19:43:31,5.4033,125.4636,66,76,83.20999999999998,6.16
326,college,US,2022-05-04 19:43:32,64.8569,-147.8028,75,56,46.16600000000001,0
327,sao felix do xingu,BR,2022-05-04 19:43:32,-6.6447,-51.995,99,75,83.56999999999996,0.57
328,avera,US,2022-05-04 19:43:33,33.194,-82.5271,65,39,86.64800000000002,3.44
329,lethem,GY,2022-05-04 19:43:33,3.3803,-59.7968,99,62,85.55000000000001,3.75
330,vrangel,RU,2022-05-04 19:43:34,42.7297,133.0839,88,73,45.193999999999974,8.24
331,chumikan,RU,2022-05-04 19:43:34,54.7183,135.315,100,98,31.172000000000036,3.63
332,sayyan,YE,2022-05-04 19:43:35,15.1718,44.3244,21,24,68.82799999999997,5.5
333,vestmannaeyjar,IS,2022-05-04 19:43:36,63.4427,-20.2734,86,62,40.36999999999996,6.3
334,melfi,IT,2022-05-04 19:43:36,40.9965,15.6514,65,77,56.37200000000004,0.5
335,imeni poliny osipenko,RU,2022-05-04 19:43:37,52.4201,136.4853,100,90,32.80999999999998,1.8
336,urengoy,RU,2022-05-04 19:43:37,65.9667,78.3667,100,98,37.23800000000004,10.5
337,vardo,NO,2022-05-04 19:43:38,70.3705,31.1107,75,100,25.051999999999975,9.26
338,komsomolskiy,UZ,2022-05-04 19:43:38,40.4272,71.7189,40,56,68.99000000000002,3.09
339,muros,ES,2022-05-04 19:40:12,42.7762,-9.0603,11,57,71.95999999999998,6.84
340,manakara,MG,2022-05-04 19:43:39,-22.1333,48.0167,1,78,71.042,1.28
341,ojinaga,MX,2022-05-04 19:43:39,29.5667,-104.4167,0,35,88.68200000000002,3.6
342,nguiu,,,,,,,,
343,aksu,CN,2022-05-04 19:43:40,41.1231,80.2644,12,13,75.01999999999995,1.51
344,bagamoyo,TZ,2022-05-04 19:43:41,-6.4333,38.9,80,84,74.93000000000004,2.77
345,navoi,UZ,2022-05-04 19:43:42,40.0844,65.3792,96,72,65.94800000000004,2.06
346,nizwa,OM,2022-05-04 19:43:42,22.9333,57.5333,0,16,85.64000000000001,0.68
347,tarakan,ID,2022-05-04 19:43:43,3.3,117.6333,40,89,80.36600000000001,1.54
348,hithadhoo,MV,2022-05-04 19:43:43,-0.6,73.0833,100,73,85.00999999999999,9.21
349,aakirkeby,,,,,,,,
350,saint-francois,FR,2022-05-04 19:43:44,46.4154,3.9054,100,94,53.311999999999955,1.03
351,ialibu,PG,2022-05-04 19:43:45,-6.2821,143.9935,100,98,56.858000000000004,0.63
352,menongue,AO,2022-05-04 19:43:45,-14.6585,17.691,12,57,62.61799999999998,2.05
353,port hardy,CA,2022-05-04 19:43:46,50.6996,-127.4199,100,93,45.05,0
354,tulum,MX,2022-05-04 19:43:46,20.2167,-87.4667,55,63,86.43200000000002,4
355,smithers,CA,2022-05-04 19:43:47,54.7804,-127.1743,75,65,45.193999999999974,3.6
356,koutsouras,GR,2022-05-04 19:43:47,35.0339,25.9469,13,61,64.38200000000002,5.68
357,chitral,PK,2022-05-04 19:43:48,35.8462,71.7858,88,68,61.141999999999996,1.21
358,along,IN,2022-05-04 19:43:48,28.1667,94.7667,41,91,64.94000000000003,0.62
359,ketchikan,US,2022-05-04 19:43:48,55.3422,-131.6461,100,81,47.13800000000005,7.72
360,winnemucca,US,2022-05-04 19:43:49,40.973,-117.7357,0,41,59.32400000000001,1.54
361,polson,US,2022-05-04 19:43:49,47.6936,-114.1632,99,60,56.983999999999995,0.45
362,photharam,TH,2022-05-04 19:43:50,13.6923,99.8497,100,91,83.20999999999998,1.61
363,doctor pedro p. pena,,,,,,,,
364,miranda de ebro,ES,2022-05-04 19:43:51,42.6865,-2.947,90,73,56.11999999999996,3.3
365,mucuri,BR,2022-05-04 19:43:52,-18.0864,-39.5508,0,61,85.226,7.09
366,alta floresta,BR,2022-05-04 19:43:52,-9.8756,-56.0861,75,70,87.89000000000001,2.57
367,loubomo,CG,2022-05-04 19:43:53,-4.1997,12.6739,98,88,75.88399999999999,1.21
368,tatabanya,HU,2022-05-04 19:43:18,47.5849,18.3932,97,66,64.61600000000001,1.77
369,malakal,SS,2022-05-04 19:43:54,9.5334,31.6605,26,44,88.71799999999999,2.8
370,bismarck,US,2022-05-04 19:39:30,46.8083,-100.7837,75,54,59.917999999999985,6.17
371,grindavik,IS,2022-05-04 19:43:54,63.8424,-22.4338,75,56,39.938000000000045,4.12
372,botesti,RO,2022-05-04 19:43:56,46.8,27.8833,91,65,61.75399999999995,3.02
373,popondetta,PG,2022-05-04 19:43:56,-8.7537,148.2534,35,96,73.16600000000001,1.29
374,tabas,IR,2022-05-04 19:43:57,33.5959,56.9244,15,19,81.08599999999997,1.03
375,makhinjauri,GE,2022-05-04 19:43:57,41.6739,41.694,100,100,53.725999999999985,3.6
376,touros,BR,2022-05-04 19:43:58,-5.1989,-35.4608,65,80,82.65199999999999,6.7
377,natal,BR,2022-05-04 19:40:33,-5.795,-35.2094,40,74,86.48599999999996,6.17
378,nanortalik,GL,2022-05-04 19:44:00,60.1432,-45.2371,46,80,33.674000000000014,4.16
379,turhal,TR,2022-05-04 19:44:00,40.3875,36.0811,96,92,51.38599999999997,2.06
380,killarney,IE,2022-05-04 19:44:00,52.05,-9.5167,0,72,59.32400000000001,3.6
381,sinnamary,GF,2022-05-04 19:44:01,5.3833,-52.95,100,96,74.71400000000003,0.99
382,honningsvag,NO,2022-05-04 19:44:01,70.9821,25.9704,100,59,28.417999999999985,5.14
383,gizo,SB,2022-05-04 19:44:02,-8.103,156.8419,13,74,82.92200000000004,4.1
384,sorong,ID,2022-05-04 19:44:02,-0.8833,131.25,100,82,81.37400000000002,2.88
385,andenes,NO,2022-05-04 19:44:02,69.3143,16.1194,40,80,34.05199999999998,3.09
386,ostersund,SE,2022-05-04 19:40:02,63.1792,14.6357,0,49,45.31999999999996,2.06
387,benguela,AO,2022-05-04 19:44:03,-12.5763,13.4055,6,77,77.05399999999995,0.92
388,marcona,,,,,,,,
389,monticello,US,2022-05-04 19:44:04,45.3055,-93.7941,0,43,62.50999999999998,3.6
390,ereymentau,KZ,2022-05-04 19:44:05,51.6199,73.1033,45,48,44.185999999999964,2.93
391,mapiripan,CO,2022-05-04 19:44:05,2.8892,-72.1256,74,52,91.43599999999998,2.13
392,kahta,TR,2022-05-04 19:44:06,37.7855,38.6237,99,81,56.84000000000002,1.57
393,murray bridge,AU,2022-05-04 19:44:06,-35.1167,139.2667,27,85,49.38800000000005,3.38
394,tumannyy,,,,,,,,
395,rocha,UY,2022-05-04 19:44:07,-34.4833,-54.3333,11,58,67.24399999999997,1.96
396,yar-sale,RU,2022-05-04 19:44:08,66.8333,70.8333,86,87,29.875999999999987,6.42
397,klaksvik,FO,2022-05-04 19:44:08,62.2266,-6.589,79,74,43.98800000000004,8.44
398,pisco,PE,2022-05-04 19:44:08,-13.7,-76.2167,53,73,71.924,4.12
399,besikduzu,TR,2022-05-04 19:44:09,41.052,39.2284,100,97,51.96199999999996,2.41
400,khatanga,RU,2022-05-04 19:44:10,71.9667,102.5,97,100,1.814000000000032,1.23
401,xingyi,CN,2022-05-04 19:44:10,24.1877,102.817,100,86,56.983999999999995,0.53
402,coria,ES,2022-05-04 19:44:11,39.9879,-6.5377,66,52,68.576,1.13
403,celestun,MX,2022-05-04 19:44:11,20.8667,-90.4,3,58,89.63599999999997,2.29
404,ostrovnoy,RU,2022-05-04 19:44:12,68.0531,39.5131,90,87,20.767999999999983,5.54
405,te anau,NZ,2022-05-04 19:44:13,-45.4167,167.7167,37,91,48.469999999999956,0.53
406,malyn,UA,2022-05-04 19:42:37,50.7723,29.2383,4,58,43.26799999999999,3.83
407,urfa,,,,,,,,
408,utiroa,,,,,,,,
409,groningen,NL,2022-05-04 19:43:53,53.25,6.75,0,62,55.435999999999964,3.6
410,cartagena del chaira,CO,2022-05-04 19:44:15,1.3349,-74.8429,53,56,90.33800000000005,0.93
411,mineiros,BR,2022-05-04 19:44:15,-17.5694,-52.5511,96,68,71.56400000000004,2.29
412,garm,,,,,,,,
413,tazovskiy,RU,2022-05-04 19:44:16,67.4667,78.7,100,99,35.00600000000003,8.29
414,karoi,ZW,2022-05-04 19:44:18,-16.8099,29.6925,98,68,64.292,1.64
415,ladario,BR,2022-05-04 19:44:18,-19.0047,-57.6017,0,40,73.958,4.63
416,funtua,NG,2022-05-04 19:44:19,11.5233,7.3081,49,36,87.81799999999998,3.48
417,naantali,FI,2022-05-04 19:44:19,60.4674,22.0243,0,42,45.28399999999999,4.12
418,upata,VE,2022-05-04 19:44:20,8.0086,-62.3989,90,48,87.25999999999999,2.74
419,huarmey,PE,2022-05-04 19:44:20,-10.0681,-78.1522,44,75,71.27599999999998,3.76
420,gurskoye,,,,,,,,
421,anadyr,RU,2022-05-04 19:44:21,64.75,177.4833,0,86,16.574000000000012,4
422,patan,NP,2022-05-04 19:44:21,27.6667,85.3333,75,88,68.64800000000002,1.03
423,margate,GB,2022-05-04 19:44:22,51.3813,1.3862,97,86,58.13599999999997,1.34
424,port shepstone,ZA,2022-05-04 19:44:22,-30.7414,30.455,33,86,68.43200000000002,4.29
425,ilinskiy,RU,2022-05-04 19:44:23,55.619,38.1182,0,56,43.411999999999956,7.15
426,gobabis,NA,2022-05-04 19:44:23,-22.45,18.9667,0,31,62.438000000000045,4.77
427,vilhena,BR,2022-05-04 19:41:58,-12.7406,-60.1458,0,65,77.48599999999996,4.12
428,fereydunshahr,IR,2022-05-04 19:44:24,32.941,50.121,16,41,52.86199999999995,2.3
429,yining,CN,2022-05-04 19:44:25,29.0361,114.5636,9,79,61.57400000000001,0.78
430,west wendover,US,2022-05-04 19:44:25,40.7391,-114.0733,0,58,53.07799999999996,3.6
431,dawson creek,CA,2022-05-04 19:44:25,55.7666,-120.2362,40,57,48.109999999999985,6.17
432,galle,LK,2022-05-04 19:44:26,6.0367,80.217,84,82,82.16600000000001,5.79
433,agadez,NE,2022-05-04 19:44:26,19.75,10.25,38,10,96.94399999999997,4.38
434,chiang rai,TH,2022-05-04 19:44:27,19.9167,99.9167,12,83,74.39000000000001,0
435,hashtrud,IR,2022-05-04 19:39:51,37.4779,47.0508,34,53,60.727999999999966,2.25
436,guarapari,BR,2022-05-04 19:44:28,-20.6667,-40.4975,8,55,90.15800000000002,7.43
437,guanica,PR,2022-05-04 19:44:29,17.9716,-66.908,22,73,86.792,7.27
438,kaka,TM,2022-05-04 19:44:29,37.3482,59.6143,98,86,64.99399999999997,5.95
439,karaul,,,,,,,,
440,waipawa,NZ,2022-05-04 19:44:30,-41.4122,175.5153,19,93,49.964000000000034,2.4
441,goderich,CA,2022-05-04 19:44:31,43.7501,-81.7165,89,81,48.182000000000016,7.72
442,jamame,SO,2022-05-04 19:44:32,0.0722,42.7506,100,93,76.81999999999996,2.68
443,rieti,IT,2022-05-04 19:44:32,42.4072,12.8592,40,63,62.81600000000001,1.03
444,salalah,OM,2022-05-04 19:43:52,17.0151,54.0924,20,89,84.55999999999997,1.54
445,mareeba,AU,2022-05-04 19:44:33,-17,145.4333,19,93,67.71199999999996,0.77
446,kibala,TD,2022-05-04 19:44:34,9.1104,18.3463,20,34,98.81600000000002,0
447,regina,CA,2022-05-04 19:43:49,50.4501,-104.6178,40,28,69.31400000000004,3.09
448,yumen,CN,2022-05-04 19:44:35,40.2833,97.2,62,14,67.334,2.63
449,san patricio,US,2022-05-04 19:44:35,28.017,-97.5169,31,56,88.15999999999998,10.36
450,mahebourg,MU,2022-05-04 19:44:35,-20.4081,57.7,40,78,79.358,7.2
451,vuktyl,RU,2022-05-04 19:44:36,63.8567,57.3094,87,81,30.74000000000002,3.89
452,andalucia,CO,2022-05-04 19:44:36,4.1706,-76.1664,100,64,81.80600000000004,0.79
453,bakchar,RU,2022-05-04 19:44:37,57.0186,82.0711,3,58,40.208000000000006,1.89
454,codrington,AU,2022-05-04 19:44:37,-38.2667,141.9667,70,78,47.227999999999966,3.13
455,souillac,MU,2022-05-04 19:44:37,-20.5167,57.5167,40,78,79.44800000000004,7.2
456,vanavara,RU,2022-05-04 19:44:38,60.34,102.2797,13,91,25.25,3.34
457,alofi,NU,2022-05-04 19:40:42,-19.0595,-169.9187,9,78,75.36199999999997,3.6
458,nanakuli,US,2022-05-04 19:44:39,21.3906,-158.1547,0,78,75.38000000000005,3.09
459,guatire,VE,2022-05-04 19:44:39,10.4762,-66.5427,81,51,86.95399999999995,3.03
460,ekibastuz,KZ,2022-05-04 19:43:13,51.6667,75.3667,86,34,49.351999999999975,4.07
461,bosaso,SO,2022-05-04 19:44:40,11.2842,49.1816,61,71,85.334,0.37
462,altamira,BR,2022-05-04 19:44:41,-3.2033,-52.2064,40,66,88.15999999999998,1.54
463,palestina,PS,2022-05-04 19:44:41,31.9216,35.2033,62,89,58.693999999999974,8.47
464,sargodha,PK,2022-05-04 19:44:42,32.0836,72.6711,7,44,82.21999999999997,5.85
465,linxia,CN,2022-05-04 19:44:42,35.6003,103.2064,4,28,59.935999999999964,2.19
466,jinotega,NI,2022-05-04 19:44:42,13.0917,-86.0018,75,78,78.54800000000003,0
467,katangli,RU,2022-05-04 19:44:43,51.7102,143.2326,48,96,25.285999999999966,3.07
468,baghdad,IQ,2022-05-04 19:37:41,33.3406,44.4009,1,15,86.18000000000004,4.12
469,maniitsoq,GL,2022-05-04 19:44:44,65.4167,-52.9,89,72,23.07200000000004,2.99
470,calvia,ES,2022-05-04 19:44:20,39.5657,2.5062,100,53,67.17200000000004,6.93
471,ada,US,2022-05-04 19:44:44,43.4166,-116.1262,0,51,59.39600000000005,3.58
472,san blas,MX,2022-05-04 19:44:45,21.5167,-105.2667,6,49,100.56199999999995,3.33
473,mamallapuram,IN,2022-05-04 19:44:45,12.6264,80.1722,20,83,87.33200000000002,3.27
474,sechura,PE,2022-05-04 19:44:46,-5.5569,-80.8222,58,55,80.20399999999995,3.99
475,tsiroanomandidy,MG,2022-05-04 19:44:46,-18.7667,46.0333,98,73,70.39399999999998,2
476,praia,CV,2022-05-04 19:44:47,14.9215,-23.5087,0,53,79.60999999999999,9.26
477,san policarpo,PH,2022-05-04 19:44:47,12.1791,125.5072,72,83,80.618,3.73
478,christchurch,NZ,2022-05-04 19:41:19,-43.5333,172.6333,100,94,57.21799999999999,2.06
479,kodinsk,RU,2022-05-04 19:44:49,58.6881,99.1844,21,97,24.116000000000007,1.33
480,guane,CU,2022-05-04 19:44:49,22.2025,-84.0875,1,50,89.27599999999998,4.82
481,chara,RU,2022-05-04 19:44:50,56.9064,118.2631,26,72,23.630000000000038,1.08
482,puerto escondido,MX,2022-05-04 19:44:51,15.85,-97.0667,90,50,89.16799999999998,4.66
483,gladstone,AU,2022-05-04 19:44:52,-23.85,151.25,30,88,69.06199999999995,2.57
484,virden,US,2022-05-04 19:44:52,39.5009,-89.7679,51,71,59.99000000000002,3.15
485,kindu,CD,2022-05-04 19:44:53,-2.95,25.95,100,92,73.70600000000003,1.43
486,monchegorsk,RU,2022-05-04 19:44:53,67.9397,32.8739,100,85,27.680000000000042,4.31
487,ludvika,SE,2022-05-04 19:44:54,60.1496,15.1878,100,40,54.608000000000004,1.94
488,ulladulla,AU,2022-05-04 19:44:54,-35.35,150.4667,88,90,60.16999999999996,1.39
489,vitry-le-francois,FR,2022-05-04 19:44:55,48.7333,4.5833,92,75,61.483999999999995,2.86
490,wahran,,,,,,,,
491,vila velha,BR,2022-05-04 19:44:11,-20.3297,-40.2925,20,53,95.21600000000001,5.66
492,atbasar,KZ,2022-05-04 19:44:56,51.8,68.3333,97,78,54.23000000000005,4.69
493,verkhnetulomskiy,RU,2022-05-04 19:44:57,68.6073,31.7962,95,80,26.99600000000005,3.24
494,bontang,ID,2022-05-04 19:44:57,0.1333,117.5,100,92,77.66600000000001,2.47
495,noumea,NC,2022-05-04 19:44:58,-22.2763,166.4572,7,99,77.26999999999995,3.68
496,manjacaze,MZ,2022-05-04 19:44:58,-24.7117,33.8828,100,80,67.60399999999996,1.89
497,tiarei,PF,2022-05-04 19:44:59,-17.5333,-149.3333,66,78,80.88800000000005,4.82
498,toulepleu,,,,,,,,
499,verkhnevilyuysk,RU,2022-05-04 19:44:59,63.4453,120.3167,97,97,28.867999999999984,0.94
500,puerto madryn,AR,2022-05-04 19:45:00,-42.7692,-65.0385,100,36,71.40199999999999,7.61
501,izhma,RU,2022-05-04 19:45:00,65.0083,53.9113,85,70,26.185999999999968,3.54
502,pasni,PK,2022-05-04 19:45:01,25.2631,63.471,0,67,82.11199999999997,3.95
503,muriae,BR,2022-05-04 19:45:01,-21.1306,-42.3664,6,52,87.25999999999999,3.21
504,canavieiras,BR,2022-05-04 19:45:02,-15.675,-38.9472,2,66,83.19200000000001,3.58
505,lorengau,PG,2022-05-04 19:45:02,-2.0226,147.2712,77,81,81.35600000000002,1.63
506,port hawkesbury,CA,2022-05-04 19:45:03,45.6169,-61.3485,0,55,58.38800000000005,2.24
507,grand baie,MU,2022-05-04 19:45:03,-20.0182,57.5802,6,75,79.53800000000004,3.13
508,paradwip,,,,,,,,
509,tilichiki,RU,2022-05-04 19:45:04,60.4667,166.1,93,88,25.303999999999952,2.28
510,nhulunbuy,AU,2022-05-04 19:45:04,-12.2333,136.7667,100,94,76.08200000000002,0.51
511,sundumbili,ZA,2022-05-04 19:45:05,-29.1337,31.3975,0,91,66.2,1.7
512,katsina,NG,2022-05-04 19:45:05,12.9894,7.6006,84,15,97.016,1.22
513,oyonnax,FR,2022-05-04 19:44:53,46.2592,5.6573,64,89,58.60399999999996,1.65
514,midland,US,2022-05-04 19:45:08,31.9974,-102.0779,0,34,90.392,6.69
515,drayton valley,CA,2022-05-04 19:45:09,53.2168,-114.9854,100,60,55.92200000000004,2.7
516,mihara,JP,2022-05-04 19:45:10,34.4,133.0833,20,82,56.46199999999996,1.21
517,ismailia,EG,2022-05-04 19:40:20,30.6043,32.2723,4,53,66.66799999999998,6.11
518,picota,PE,2022-05-04 19:45:10,-6.9197,-76.3304,87,66,88.55600000000004,0.89
519,bolsheustikinskoye,,,,,,,,
520,padang,ID,2022-05-04 19:45:12,-0.9492,100.3543,100,81,78.368,1.39
521,tursunzoda,TJ,2022-05-04 19:45:13,38.5144,68.2333,92,89,60.33200000000002,3.21
522,san vicente,AR,2022-05-04 19:45:13,-26.6167,-54.1333,100,99,56.04800000000003,1.44
523,bouar,CF,2022-05-04 19:45:14,5.934,15.596,88,61,73.79600000000005,2.9
524,linhares,BR,2022-05-04 19:45:14,-19.3911,-40.0722,0,36,91.47200000000004,3.56
525,melfort,CA,2022-05-04 19:45:14,52.8667,-104.6177,100,77,45.40999999999998,3.72
526,zhenlai,CN,2022-05-04 19:45:15,45.8495,123.2973,99,20,73.72400000000002,6.11
527,ankazoabo,MG,2022-05-04 19:45:16,-22.2833,44.5167,69,56,71.74399999999997,2.25
528,bindki,IN,2022-05-04 19:45:16,26.0333,80.6,19,18,95.77400000000002,0.44
529,barcelona,ES,2022-05-04 19:40:54,41.3888,2.159,20,79,66.29000000000002,3.6
530,koslan,RU,2022-05-04 19:45:17,63.4564,48.8989,86,92,24.188000000000045,1.59
531,shelburne,CA,2022-05-04 19:45:17,44.0787,-80.2041,100,89,57.01999999999996,5.17
532,chor,PK,2022-05-04 19:45:18,25.5167,69.7667,0,33,88.57400000000001,6.41
533,black river,JM,2022-05-04 19:45:18,18.0264,-77.8487,6,55,89.00600000000003,9.27
534,beringovskiy,RU,2022-05-04 19:45:19,63.05,179.3167,77,89,14.053999999999949,4.15
535,conde,BR,2022-05-04 19:45:19,-7.2597,-34.9075,40,70,85.73000000000005,7.2
536,ixtapa,MX,2022-05-04 19:45:20,20.7,-105.2,8,24,94.17200000000004,4.01
537,bani walid,LY,2022-05-04 19:45:20,31.7566,13.9942,24,20,79.84399999999997,7.6
538,lusambo,CD,2022-05-04 19:45:20,-4.9667,23.45,45,75,75.91999999999996,1.24
539,kastamonu,TR,2022-05-04 19:45:21,41.5,33.6667,100,92,44.67200000000004,1.16
540,brae,GB,2022-05-04 19:45:21,60.3964,-1.353,78,75,48.398000000000025,7.97
541,harnosand,SE,2022-05-04 19:45:22,62.6323,17.9379,94,72,43.088000000000044,5.67
542,hobyo,SO,2022-05-04 19:45:22,5.3505,48.5268,48,69,82.184,9.77
543,kupang,ID,2022-05-04 19:45:23,-10.1667,123.5833,64,85,78.38599999999997,2.99
544,san lorenzo,PY,2022-05-04 19:45:23,-25.3333,-57.5333,75,60,71.00600000000003,7.72
545,maymyo,MM,2022-05-04 19:45:23,22.0333,96.4667,92,95,63.57200000000004,1.18
546,matay,EG,2022-05-04 19:45:24,28.419,30.7792,3,26,77.64800000000002,4.79
547,atar,MR,2022-05-04 19:45:24,20.5169,-13.0499,21,13,98.02400000000002,5.34
548,mount pleasant,US,2022-05-04 19:45:25,32.7941,-79.8626,20,73,87.33200000000002,4.63
549,aktau,KZ,2022-05-04 19:45:26,43.65,51.2,33,54,59.846000000000046,4.28
550,talcahuano,CL,2022-05-04 19:44:47,-36.7167,-73.1167,0,59,64.34600000000006,2.06
551,lawton,US,2022-05-04 19:45:26,34.6087,-98.3903,100,95,71.78000000000004,5.36
552,dandong,CN,2022-05-04 19:45:27,40.1292,124.3947,27,82,53.653999999999954,4.39
553,hambantota,LK,2022-05-04 19:45:27,6.1241,81.1185,89,83,80.95999999999998,6.6
554,puerto rondon,CO,2022-05-04 19:45:28,6.2805,-71.1,59,34,96.94399999999997,3.38
555,broome,US,2022-05-04 19:45:28,42.2506,-75.833,100,84,62.79800000000003,3.09
556,elizabethtown,US,2022-05-04 19:45:29,37.694,-85.8591,100,77,59.39600000000005,0
557,abu kamal,SY,2022-05-04 19:45:29,34.4506,40.9171,1,45,76.47799999999997,12.42
558,divinopolis,BR,2022-05-04 19:45:30,-20.1389,-44.8839,42,49,80.95999999999998,2.12
559,hue,VN,2022-05-04 19:44:07,16.4667,107.6,75,83,71.97799999999997,2.06
560,eirunepe,BR,2022-05-04 19:45:30,-6.6603,-69.8736,88,91,79.934,2.14
561,norton,ZW,2022-05-04 19:45:31,-17.8833,30.7,100,52,65.22799999999997,2.57
562,kunya,NG,2022-05-04 19:45:32,12.2233,8.5325,20,32,100.83200000000002,2.57
563,mae hong son,TH,2022-05-04 19:45:32,19.3003,97.9685,84,88,73.49000000000002,0.44
564,neepawa,CA,2022-05-04 19:45:32,50.2289,-99.4664,45,45,57.866000000000014,4.31
565,havelock,US,2022-05-04 19:45:33,34.8791,-76.9013,40,77,88.25,5.14
566,samsun,TR,2022-05-04 19:45:33,41.25,36.3333,75,99,52.26799999999999,2.06
567,antalaha,MG,2022-05-04 19:45:34,-14.9003,50.2788,20,82,74.35399999999996,3.95
568,emerald,AU,2022-05-04 19:45:34,-23.5333,148.1667,17,100,64.81400000000004,2.57
569,truckee,US,2022-05-04 19:45:35,39.328,-120.1833,40,36,63.89600000000005,1.34
570,kudahuvadhoo,MV,2022-05-04 19:45:35,2.6708,72.8944,100,80,78.69200000000001,5.21
571,macaboboni,,,,,,,,
572,grand-santi,GF,2022-05-04 19:45:37,4.25,-54.3833,100,94,75.66799999999998,0.66
573,kuusamo,FI,2022-05-04 19:45:09,65.9667,29.1833,20,47,34.10600000000003,4.63
574,sabha,LY,2022-05-04 19:45:38,27.0377,14.4283,2,15,83.84000000000003,5.16
575,miyako,JP,2022-05-04 19:45:38,39.6367,141.9525,17,87,47.174000000000014,1.14
576,bela palanka,RS,2022-05-04 19:45:39,43.2183,22.3111,32,78,65.26400000000004,0.28
577,yuzhno-kurilsk,RU,2022-05-04 19:45:39,44.0306,145.8556,69,84,35.311999999999955,8.55
578,taoudenni,ML,2022-05-04 19:45:39,22.6783,-3.9836,24,10,100.41799999999999,6.48
579,nisia floresta,BR,2022-05-04 19:45:40,-6.0911,-35.2086,68,78,86.64800000000002,5.92
580,haines junction,CA,2022-05-04 19:45:40,60.7522,-137.5108,100,56,41.21600000000001,3.09
581,uwayl,,,,,,,,
582,tagusao,PH,2022-05-04 19:45:42,9.1924,117.8141,97,83,80.24000000000002,1.38
583,eyl,SO,2022-05-04 19:45:42,7.9803,49.8164,71,70,84.63200000000002,8.27
584,hudiksvall,SE,2022-05-04 19:41:49,61.729,17.1036,100,67,41.26999999999996,3.07
585,deputatskiy,RU,2022-05-04 19:45:43,69.3,139.9,93,99,13.261999999999954,0.44
586,black diamond,US,2022-05-04 19:45:44,47.3087,-122.0032,100,74,59.46799999999999,2.24
587,ust-kuyga,RU,2022-05-04 19:45:44,70.0167,135.6,88,100,-0.3820000000000192,0.29
588,viedma,AR,2022-05-04 19:45:28,-40.8135,-62.9967,68,28,76.08200000000002,5.45
589,honiara,SB,2022-05-04 19:44:38,-9.4333,159.95,16,85,77.35999999999999,1.04
590,goure,NE,2022-05-04 19:45:47,13.9835,10.2704,72,15,102.29000000000002,3.11
591,artyk,,,,,,,,
592,kedrovyy,RU,2022-05-04 19:45:48,56.1667,91.8167,7,76,25.48399999999999,1.73
593,jacareacanga,BR,2022-05-04 19:45:48,-6.2222,-57.7528,47,78,85.08200000000002,1.28
594,umzimvubu,,,,,,,,
595,oktyabrskoye,RU,2022-05-04 19:45:49,43.0645,44.7417,100,93,50.41400000000003,3
596,taywarah,AF,2022-05-04 19:45:51,33.35,64.4167,22,42,52.95199999999998,2.21
597,soyaux,FR,2022-05-04 19:45:51,45.65,0.2,75,59,64.11199999999997,2.06
598,ryotsu,JP,2022-05-04 19:44:24,38.0833,138.4333,0,56,56.65999999999998,2.32
599,saint-pierre,RE,2022-05-04 19:45:52,-21.3393,55.4781,75,94,76.17200000000004,12.86
600,fukue,JP,2022-05-04 19:45:53,32.6881,128.8419,62,78,64.52599999999998,2.96
601,falealupo,,,,,,,,
602,matamoros,MX,2022-05-04 19:45:53,25.5333,-103.25,5,8,91.32799999999997,2.24
603,namatanai,PG,2022-05-04 19:45:54,-3.6667,152.4333,91,82,80.31199999999995,3.1
604,tulnici,RO,2022-05-04 19:45:54,45.9167,26.6667,95,89,49.78399999999999,1.5
605,longyan,CN,2022-05-04 19:45:55,25.1072,117.0225,100,89,62.07799999999996,0.89
606,aklavik,CA,2022-05-04 19:45:55,68.2191,-135.0107,100,74,26.86999999999996,5.14
607,itarema,BR,2022-05-04 19:45:56,-2.9248,-39.9167,96,77,83.44399999999997,5.44
608,saleaula,,,,,,,,
609,tooele,US,2022-05-04 19:45:57,40.5308,-112.2983,96,72,46.49000000000002,2.76
610,buraydah,SA,2022-05-04 19:41:31,26.326,43.975,31,12,97.51999999999997,3.59
611,hovd,MN,2022-05-04 19:45:58,48.0056,91.6419,84,27,45.158,3.58
612,puri,IN,2022-05-04 19:45:58,19.8,85.85,41,88,83.19200000000001,3.65
613,borlange,,,,,,,,
614,doha,QA,2022-05-04 19:41:38,25.2867,51.5333,0,23,95.25199999999998,2.06
615,chicama,PE,2022-05-04 19:45:59,-7.8447,-79.1469,35,56,65.20999999999998,4.09
616,corinth,GR,2022-05-04 19:45:30,37.9407,22.9573,32,70,64.68800000000005,0.86
617,singapore,SG,2022-05-04 19:36:02,1.2897,103.8501,75,86,82.61600000000001,1.54
618,pangai,TO,2022-05-04 19:46:01,-19.8,-174.35,20,73,75.57799999999997,0
619,semenivka,UA,2022-05-04 19:44:48,52.1783,32.5818,46,57,41.377999999999965,4.69
620,moosomin,CA,2022-05-04 19:46:02,50.1333,-101.6677,19,41,59.900000000000006,4.2
621,pangnirtung,CA,2022-05-04 19:46:02,66.1451,-65.7125,20,85,12.46999999999996,3.09
622,saint anthony,US,2022-05-04 19:46:03,45.0205,-93.218,0,47,62.924000000000014,2.06
623,salvaterra de magos,PT,2022-05-04 19:46:03,39.0279,-8.7935,24,45,75.41600000000001,5.97
624,asau,RO,2022-05-04 19:46:04,46.4333,26.4,94,85,58.38800000000005,1.76
625,darnah,LY,2022-05-04 19:46:04,32.767,22.6367,0,82,62.13200000000002,6.26
626,sorvag,,,,,,,,
627,acajutla,SV,2022-05-04 19:46:05,13.5928,-89.8275,78,61,88.39399999999998,3.01
628,adrar,MR,2022-05-04 19:46:05,20.5022,-10.0711,6,12,96.18800000000005,4.24
629,edd,ER,2022-05-04 19:46:06,13.9297,41.6925,2,55,91.27400000000002,5.79
630,singaraja,ID,2022-05-04 19:46:06,-8.112,115.0882,100,84,80.74399999999997,1.84
